old_lawd_cd,new_lawd_cd,resolved_lawd_cd,change_date,sido_nm,city_stem,sgg_old,sgg_new,umd_nm,ri_nm
4111311400,4111513700,4111513700,20080506,경기도,수원시,수원시 권선구,수원시 팔달구,고등동,
4111310500,4111312800,4111312800,20080506,경기도,수원시,수원시 권선구,수원시 권선구,고색동,
4111312000,4111313600,4111313600,20080506,경기도,수원시,수원시 권선구,수원시 권선구,곡반정동,
4111310200,4111513200,4111513200,20080506,경기도,수원시,수원시 권선구,수원시 팔달구,교동,
4111310900,4111313200,4111313200,20080506,경기도,수원시,수원시 권선구,수원시 권선구,구운동,
4111510700,4111512600,4111512600,20080506,경기도,수원시,수원시 팔달구,수원시 팔달구,구천동,
4111312100,4111313700,4111313700,20080506,경기도,수원시,수원시 권선구,수원시 권선구,권선동,
4111312200,4111313400,4111313400,20080506,경기도,수원시,수원시 권선구,수원시 권선구,금곡동,
4111510800,4111512700,4111512700,20080506,경기도,수원시,수원시 팔달구,수원시 팔달구,남수동,
4111510400,4111512300,4111512300,20080506,경기도,수원시,수원시 팔달구,수원시 팔달구,남창동,
4111312500,4111314100,4111314100,20080506,경기도,수원시,수원시 권선구,수원시 권선구,당수동,
4111311900,4111313900,4111313900,20080506,경기도,수원시,수원시 권선구,수원시 권선구,대황교동,
4111511900,4111710700,4111710700,20080506,경기도,수원시,수원시 팔달구,수원시 영통구,망포동,
4111310100,4111513300,4111513300,20080506,경기도,수원시,수원시 권선구,수원시 팔달구,매교동,
4111311100,4111513400,4111513400,20080506,경기도,수원시,수원시 권선구,수원시 팔달구,매산로1가,
4111311200,4111513500,4111513500,20080506,경기도,수원시,수원시 권선구,수원시 팔달구,매산로2가,
4111311300,4111513600,4111513600,20080506,경기도,수원시,수원시 권선구,수원시 팔달구,매산로3가,
4111511500,4111710100,4111710100,20080506,경기도,수원시,수원시 팔달구,수원시 영통구,매탄동,
4111510900,4111512800,4111512800,20080506,경기도,수원시,수원시 팔달구,수원시 팔달구,매향동,
4111111000,4111512900,4111512900,20080506,경기도,수원시,수원시 장안구,수원시 팔달구,북수동,
4111112300,4111113800,4111113800,20080506,경기도,수원시,수원시 장안구,수원시 장안구,상광교동,
4111310800,4111313100,4111313100,20080506,경기도,수원시,수원시 권선구,수원시 권선구,서둔동,
4111310300,4111312600,4111312600,20080506,경기도,수원시,수원시 권선구,수원시 권선구,세류동,
4111112100,4111113500,4111113500,20080506,경기도,수원시,수원시 장안구,수원시 장안구,송죽동,
4111511800,4111710600,4111710600,20080506,경기도,수원시,수원시 팔달구,수원시 영통구,신동,
4111111200,4111513000,4111513000,20080506,경기도,수원시,수원시 장안구,수원시 팔달구,신풍동,
4111112200,4111113700,4111113700,20080506,경기도,수원시,수원시 장안구,수원시 장안구,연무동,
4111510500,4111512400,4111512400,20080506,경기도,수원시,수원시 팔달구,수원시 팔달구,영동,
4111511700,4111710500,4111710500,20080506,경기도,수원시,수원시 팔달구,수원시 영통구,영통동,
4111111900,4111113400,4111113400,20080506,경기도,수원시,수원시 장안구,수원시 장안구,영화동,
4111310600,4111312900,4111312900,20080506,경기도,수원시,수원시 권선구,수원시 권선구,오목천동,
4111511100,4111514000,4111514000,20080506,경기도,수원시,수원시 팔달구,수원시 팔달구,우만동,
4111511600,4111710200,4111710200,20080506,경기도,수원시,수원시 팔달구,수원시 영통구,원천동,
4111111600,4111113200,4111113200,20080506,경기도,수원시,수원시 장안구,수원시 장안구,율전동,
4111111500,4111113100,4111113100,20080506,경기도,수원시,수원시 장안구,수원시 장안구,이목동,
4111511200,4111710300,4111710300,20080506,경기도,수원시,수원시 팔달구,수원시 영통구,이의동,
4111511400,4111514100,4111514100,20080506,경기도,수원시,수원시 팔달구,수원시 팔달구,인계동,
4111312400,4111314000,4111314000,20080506,경기도,수원시,수원시 권선구,수원시 권선구,입북동,
4111111100,4111513100,4111513100,20080506,경기도,수원시,수원시 장안구,수원시 팔달구,장안동,
4111311800,4111313800,4111313800,20080506,경기도,수원시,수원시 권선구,수원시 권선구,장지동,
4111111800,4111113000,4111113000,20080506,경기도,수원시,수원시 장안구,수원시 장안구,정자동,
4111112000,4111113600,4111113600,20080506,경기도,수원시,수원시 장안구,수원시 장안구,조원동,
4111510600,4111512500,4111512500,20080506,경기도,수원시,수원시 팔달구,수원시 팔달구,중동,
4111511000,4111513900,4111513900,20080506,경기도,수원시,수원시 팔달구,수원시 팔달구,지동,
4111111700,4111113300,4111113300,20080506,경기도,수원시,수원시 장안구,수원시 장안구,천천동,
4111311000,4111313300,4111313300,20080506,경기도,수원시,수원시 권선구,수원시 권선구,탑동,
4111111400,4111112900,4111112900,20080506,경기도,수원시,수원시 장안구,수원시 장안구,파장동,
4111510100,4111512000,4111512000,20080506,경기도,수원시,수원시 팔달구,수원시 팔달구,팔달로1가,
4111510200,4111512100,4111512100,20080506,경기도,수원시,수원시 팔달구,수원시 팔달구,팔달로2가,
4111510300,4111512200,4111512200,20080506,경기도,수원시,수원시 팔달구,수원시 팔달구,팔달로3가,
4111310400,4111312700,4111312700,20080506,경기도,수원시,수원시 권선구,수원시 권선구,평동,
4111310700,4111313000,4111313000,20080506,경기도,수원시,수원시 권선구,수원시 권선구,평리동,
4111112400,4111113900,4111113900,20080506,경기도,수원시,수원시 장안구,수원시 장안구,하광교동,
4111511300,4111710400,4111710400,20080506,경기도,수원시,수원시 팔달구,수원시 영통구,하동,
4111312300,4111313500,4111313500,20080506,경기도,수원시,수원시 권선구,수원시 권선구,호매실동,
4111111300,4111513800,4111513800,20080506,경기도,수원시,수원시 장안구,수원시 팔달구,화서동,
4127012000,4127111100,4127111100,20080506,경기도,안산시,안산시,안산시 상록구,건건동,
4127011000,4127310100,4127310100,20080506,경기도,안산시,안산시,안산시 단원구,고잔동,
4127013300,4127311200,4127311200,20080506,경기도,안산시,안산시,안산시 단원구,대부남동,
4127013100,4127311000,4127311000,20080506,경기도,안산시,안산시,안산시 단원구,대부동동,
4127013200,4127311100,4127311100,20080506,경기도,안산시,안산시,안산시 단원구,대부북동,
4127011400,4127310600,4127310600,20080506,경기도,안산시,안산시,안산시 단원구,목내동,
4127010400,4127110400,4127110400,20080506,경기도,안산시,안산시,안산시 상록구,본오동,
4127010700,4127110700,4127110700,20080506,경기도,안산시,안산시,안산시 상록구,부곡동,
4127010300,4127110300,4127110300,20080506,경기도,안산시,안산시,안산시 상록구,사동,
4127012100,4127111200,4127111200,20080506,경기도,안산시,안산시,안산시 상록구,사사동,
4127012500,4127311300,4127311300,20080506,경기도,안산시,안산시,안산시 단원구,선감동,
4127011800,4127310900,4127310900,20080506,경기도,안산시,안산시,안산시 단원구,선부동,
4127011300,4127310400,4127310400,20080506,경기도,안산시,안산시,안산시 단원구,성곡동,
4127010800,4127110800,4127110800,20080506,경기도,안산시,안산시,안산시 상록구,성포동,
4127012700,4127111300,4127111300,20080506,경기도,안산시,안산시,안산시 상록구,수암동,
4127011200,4127310300,4127310300,20080506,경기도,안산시,안산시,안산시 단원구,신길동,
4127010600,4127110600,4127110600,20080506,경기도,안산시,안산시,안산시 상록구,양상동,
4127011100,4127310200,4127310200,20080506,경기도,안산시,안산시,안산시 단원구,와동,
4127011700,4127310800,4127310800,20080506,경기도,안산시,안산시,안산시 단원구,원곡동,
4127011500,4127310500,4127310500,20080506,경기도,안산시,안산시,안산시 단원구,원시동,
4127010900,4127110900,4127110900,20080506,경기도,안산시,안산시,안산시 상록구,월피동,
4127010200,4127110200,4127110200,20080506,경기도,안산시,안산시,안산시 상록구,이동,
4127010100,4127110100,4127110100,20080506,경기도,안산시,안산시,안산시 상록구,일동,
4127012800,4127111400,4127111400,20080506,경기도,안산시,안산시,안산시 상록구,장상동,
4127012900,4127111500,4127111500,20080506,경기도,안산시,안산시,안산시 상록구,장하동,
4127011600,4127310700,4127310700,20080506,경기도,안산시,안산시,안산시 단원구,초지동,
4127010500,4127110500,4127110500,20080506,경기도,안산시,안산시,안산시 상록구,팔곡이동,
4127011900,4127111000,4127111000,20080506,경기도,안산시,안산시,안산시 상록구,팔곡일동,
4127012600,4127311400,4127311400,20080506,경기도,안산시,안산시,안산시 단원구,풍도동,
4127013000,4127311500,4127311500,20080506,경기도,안산시,안산시,안산시 단원구,화정동,
4117310500,4117110100,4117110100,20080506,경기도,안양시,안양시 동안구,안양시 만안구,안양동,
5211310100,5211114700,5211114700,20080506,전북특별자치도,전주시,전주시 덕진구,전주시 완산구,서노송동,
4425032025,4425032026,,20080506,충청남도,계룡시,계룡시,계룡시,남선면,남선리
4425032022,4425032028,,20080506,충청남도,계룡시,계룡시,계룡시,남선면,부남리
4425032023,4425032029,,20080506,충청남도,계룡시,계룡시,계룡시,남선면,석계리
4425032024,4425032030,,20080506,충청남도,계룡시,계룡시,계룡시,남선면,용동리
4425032021,4425032027,,20080506,충청남도,계룡시,계룡시,계룡시,남선면,정장리
4425031520,4425031521,4425031521,20080506,충청남도,계룡시,계룡시,계룡시,엄사면,엄사리
4146011400,4146510400,4146510400,20080513,경기도,용인시,용인시,용인시 수지구,고기동,
4146010600,4146110600,4146110600,20080513,경기도,용인시,용인시,용인시 처인구,고림동,
4146010100,4146110100,4146110100,20080513,경기도,용인시,용인시,용인시 처인구,김량장동,
4146010400,4146110400,4146110400,20080513,경기도,용인시,용인시,용인시 처인구,남동,
4146034000,4146132000,,20080513,경기도,용인시,용인시,용인시 처인구,남사면,
4146034028,4146132028,,20080513,경기도,용인시,용인시,용인시 처인구,남사면,방아리
4146034024,4146132024,,20080513,경기도,용인시,용인시,용인시 처인구,남사면,봉명리
4146034021,4146132021,,20080513,경기도,용인시,용인시,용인시 처인구,남사면,봉무리
4146034022,4146132022,,20080513,경기도,용인시,용인시,용인시 처인구,남사면,북리
4146034030,4146132030,,20080513,경기도,용인시,용인시,용인시 처인구,남사면,아곡리
4146034031,4146132031,,20080513,경기도,용인시,용인시,용인시 처인구,남사면,완장리
4146034026,4146132026,,20080513,경기도,용인시,용인시,용인시 처인구,남사면,원암리
4146034027,4146132027,,20080513,경기도,용인시,용인시,용인시 처인구,남사면,전궁리
4146034025,4146132025,,20080513,경기도,용인시,용인시,용인시 처인구,남사면,진목리
4146034029,4146132029,,20080513,경기도,용인시,용인시,용인시 처인구,남사면,창리
4146034023,4146132023,,20080513,경기도,용인시,용인시,용인시 처인구,남사면,통삼리
4146011300,4146510300,4146510300,20080513,경기도,용인시,용인시,용인시 수지구,동천동,
4146010700,4146110700,4146110700,20080513,경기도,용인시,용인시,용인시 처인구,마평동,
4146032000,4146131000,,20080513,경기도,용인시,용인시,용인시 처인구,모현면,
4146032022,4146131022,,20080513,경기도,용인시,용인시,용인시 처인구,모현면,갈담리
4146032027,4146131027,,20080513,경기도,용인시,용인시,용인시 처인구,모현면,능원리
4146032026,4146131026,,20080513,경기도,용인시,용인시,용인시 처인구,모현면,동림리
4146032025,4146131025,,20080513,경기도,용인시,용인시,용인시 처인구,모현면,매산리
4146032028,4146131028,,20080513,경기도,용인시,용인시,용인시 처인구,모현면,오산리
4146032021,4146131021,,20080513,경기도,용인시,용인시,용인시 처인구,모현면,왕산리
4146032024,4146131024,,20080513,경기도,용인시,용인시,용인시 처인구,모현면,일산리
4146032023,4146131023,,20080513,경기도,용인시,용인시,용인시 처인구,모현면,초부리
4146037000,4146135000,4146135000,20080513,경기도,용인시,용인시,용인시 처인구,백암면,
4146037033,4146135033,4146135033,20080513,경기도,용인시,용인시,용인시 처인구,백암면,가좌리
4146037032,4146135032,4146135032,20080513,경기도,용인시,용인시,용인시 처인구,백암면,가창리
4146037024,4146135024,4146135024,20080513,경기도,용인시,용인시,용인시 처인구,백암면,고안리
4146037031,4146135031,4146135031,20080513,경기도,용인시,용인시,용인시 처인구,백암면,근곡리
4146037029,4146135029,4146135029,20080513,경기도,용인시,용인시,용인시 처인구,백암면,근삼리
4146037030,4146135030,4146135030,20080513,경기도,용인시,용인시,용인시 처인구,백암면,근창리
4146037022,4146135022,4146135022,20080513,경기도,용인시,용인시,용인시 처인구,백암면,박곡리
4146037023,4146135023,4146135023,20080513,경기도,용인시,용인시,용인시 처인구,백암면,백봉리
4146037021,4146135021,4146135021,20080513,경기도,용인시,용인시,용인시 처인구,백암면,백암리
4146037027,4146135027,4146135027,20080513,경기도,용인시,용인시,용인시 처인구,백암면,석천리
4146037025,4146135025,4146135025,20080513,경기도,용인시,용인시,용인시 처인구,백암면,옥산리
4146037028,4146135028,4146135028,20080513,경기도,용인시,용인시,용인시 처인구,백암면,용천리
4146037026,4146135026,4146135026,20080513,경기도,용인시,용인시,용인시 처인구,백암면,장평리
4146010300,4146110300,4146110300,20080513,경기도,용인시,용인시,용인시 처인구,삼가동,
4146011700,4146510700,4146510700,20080513,경기도,용인시,용인시,용인시 수지구,상현동,
4146011600,4146510600,4146510600,20080513,경기도,용인시,용인시,용인시 수지구,성복동,
4146011500,4146510500,4146510500,20080513,경기도,용인시,용인시,용인시 수지구,신봉동,
4146038000,4146136000,,20080513,경기도,용인시,용인시,용인시 처인구,양지면,
4146038022,4146136022,,20080513,경기도,용인시,용인시,용인시 처인구,양지면,남곡리
4146038028,4146136028,,20080513,경기도,용인시,용인시,용인시 처인구,양지면,대대리
4146038030,4146136030,,20080513,경기도,용인시,용인시,용인시 처인구,양지면,송문리
4146038026,4146136026,,20080513,경기도,용인시,용인시,용인시 처인구,양지면,식금리
4146038021,4146136021,,20080513,경기도,용인시,용인시,용인시 처인구,양지면,양지리
4146038027,4146136027,,20080513,경기도,용인시,용인시,용인시 처인구,양지면,정수리
4146038024,4146136024,,20080513,경기도,용인시,용인시,용인시 처인구,양지면,제일리
4146038029,4146136029,,20080513,경기도,용인시,용인시,용인시 처인구,양지면,주북리
4146038025,4146136025,,20080513,경기도,용인시,용인시,용인시 처인구,양지면,추계리
4146038023,4146136023,,20080513,경기도,용인시,용인시,용인시 처인구,양지면,평창리
4146010200,4146110200,4146110200,20080513,경기도,용인시,용인시,용인시 처인구,역북동,
4146010800,4146110800,4146110800,20080513,경기도,용인시,용인시,용인시 처인구,운학동,
4146036000,4146134000,4146134000,20080513,경기도,용인시,용인시,용인시 처인구,원삼면,
4146036032,4146134032,4146134032,20080513,경기도,용인시,용인시,용인시 처인구,원삼면,가재월리
4146036021,4146134021,4146134021,20080513,경기도,용인시,용인시,용인시 처인구,원삼면,고당리
4146036027,4146134027,4146134027,20080513,경기도,용인시,용인시,용인시 처인구,원삼면,독성리
4146036026,4146134026,4146134026,20080513,경기도,용인시,용인시,용인시 처인구,원삼면,두창리
4146036024,4146134024,4146134024,20080513,경기도,용인시,용인시,용인시 처인구,원삼면,맹리
4146036029,4146134029,4146134029,20080513,경기도,용인시,용인시,용인시 처인구,원삼면,목신리
4146036031,4146134031,4146134031,20080513,경기도,용인시,용인시,용인시 처인구,원삼면,문촌리
4146036025,4146134025,4146134025,20080513,경기도,용인시,용인시,용인시 처인구,원삼면,미평리
4146036022,4146134022,4146134022,20080513,경기도,용인시,용인시,용인시 처인구,원삼면,사암리
4146036023,4146134023,4146134023,20080513,경기도,용인시,용인시,용인시 처인구,원삼면,좌항리
4146036028,4146134028,4146134028,20080513,경기도,용인시,용인시,용인시 처인구,원삼면,죽능리
4146036030,4146134030,4146134030,20080513,경기도,용인시,용인시,용인시 처인구,원삼면,학일리
4146010500,4146110500,4146110500,20080513,경기도,용인시,용인시,용인시 처인구,유방동,
4146035000,4146133000,,20080513,경기도,용인시,용인시,용인시 처인구,이동면,
4146035026,4146133026,,20080513,경기도,용인시,용인시,용인시 처인구,이동면,덕성리
4146035023,4146133023,,20080513,경기도,용인시,용인시,용인시 처인구,이동면,묘봉리
4146035027,4146133027,,20080513,경기도,용인시,용인시,용인시 처인구,이동면,묵리
4146035029,4146133029,,20080513,경기도,용인시,용인시,용인시 처인구,이동면,서리
4146035021,4146133021,,20080513,경기도,용인시,용인시,용인시 처인구,이동면,송전리
4146035025,4146133025,,20080513,경기도,용인시,용인시,용인시 처인구,이동면,시미리
4146035022,4146133022,,20080513,경기도,용인시,용인시,용인시 처인구,이동면,어비리
4146035028,4146133028,,20080513,경기도,용인시,용인시,용인시 처인구,이동면,천리
4146035024,4146133024,,20080513,경기도,용인시,용인시,용인시 처인구,이동면,화산리
4146011200,4146510200,4146510200,20080513,경기도,용인시,용인시,용인시 수지구,죽전동,
4146011100,4146510100,4146510100,20080513,경기도,용인시,용인시,용인시 수지구,풍덕천동,
4146011000,4146111000,4146111000,20080513,경기도,용인시,용인시,용인시 처인구,해곡동,
4146010900,4146110900,4146110900,20080513,경기도,용인시,용인시,용인시 처인구,호동,
4815000000,4816000000,,20080513,경상남도,마산시,마산시,마산시,,
4816031031,4816031030,,20080513,경상남도,마산시,마산시,마산시,구산면,난포리
4413032000,4413132000,4413132000,20080624,충청남도,천안시,천안시,천안시 동남구,광덕면,
4413032021,4413132021,4413132021,20080624,충청남도,천안시,천안시,천안시 동남구,광덕면,광덕리
4413032024,4413132024,4413132024,20080624,충청남도,천안시,천안시,천안시 동남구,광덕면,대덕리
4413032030,4413132030,4413132030,20080624,충청남도,천안시,천안시,천안시 동남구,광덕면,대평리
4413032025,4413132025,4413132025,20080624,충청남도,천안시,천안시,천안시 동남구,광덕면,매당리
4413032027,4413132027,4413132027,20080624,충청남도,천안시,천안시,천안시 동남구,광덕면,무학리
4413032023,4413132023,4413132023,20080624,충청남도,천안시,천안시,천안시 동남구,광덕면,보산원리
4413032028,4413132028,4413132028,20080624,충청남도,천안시,천안시,천안시 동남구,광덕면,신덕리
4413032026,4413132026,4413132026,20080624,충청남도,천안시,천안시,천안시 동남구,광덕면,신흥리
4413032031,4413132031,4413132031,20080624,충청남도,천안시,천안시,천안시 동남구,광덕면,원덕리
4413032022,4413132022,4413132022,20080624,충청남도,천안시,천안시,천안시 동남구,광덕면,지장리
4413032029,4413132029,4413132029,20080624,충청남도,천안시,천안시,천안시 동남구,광덕면,행정리
4413013000,4413112000,4413112000,20080624,충청남도,천안시,천안시,천안시 동남구,구룡동,
4413010900,4413110800,4413110800,20080624,충청남도,천안시,천안시,천안시 동남구,구성동,
4413012000,4413111400,4413111400,20080624,충청남도,천안시,천안시,천안시 동남구,다가동,
4413010100,4413110100,4413110100,20080624,충청남도,천안시,천안시,천안시 동남구,대흥동,
4413038000,4413137000,4413137000,20080624,충청남도,천안시,천안시,천안시 동남구,동면,
4413038024,4413137024,4413137024,20080624,충청남도,천안시,천안시,천안시 동남구,동면,광덕리
4413038021,4413137021,4413137021,20080624,충청남도,천안시,천안시,천안시 동남구,동면,구도리
4413038027,4413137027,4413137027,20080624,충청남도,천안시,천안시,천안시 동남구,동면,덕성리
4413038025,4413137025,4413137025,20080624,충청남도,천안시,천안시,천안시 동남구,동면,동산리
4413038022,4413137022,4413137022,20080624,충청남도,천안시,천안시,천안시 동남구,동면,송연리
4413038030,4413137030,4413137030,20080624,충청남도,천안시,천안시,천안시 동남구,동면,수남리
4413038029,4413137029,4413137029,20080624,충청남도,천안시,천안시,천안시 동남구,동면,장송리
4413038028,4413137028,4413137028,20080624,충청남도,천안시,천안시,천안시 동남구,동면,죽계리
4413038026,4413137026,4413137026,20080624,충청남도,천안시,천안시,천안시 동남구,동면,행암리
4413038023,4413137023,4413137023,20080624,충청남도,천안시,천안시,천안시 동남구,동면,화계리
4413038031,4413137031,4413137031,20080624,충청남도,천안시,천안시,천안시 동남구,동면,화덕리
4413011600,4413310400,4413310400,20080624,충청남도,천안시,천안시,천안시 서북구,두정동,
4413025900,4413125000,4413125000,20080624,충청남도,천안시,천안시,천안시 동남구,목천읍,
4413025932,4413125032,4413125032,20080624,충청남도,천안시,천안시,천안시 동남구,목천읍,교천리
4413025923,4413125023,4413125023,20080624,충청남도,천안시,천안시,천안시 동남구,목천읍,교촌리
4413025930,4413125030,4413125030,20080624,충청남도,천안시,천안시,천안시 동남구,목천읍,남화리
4413025925,4413125025,4413125025,20080624,충청남도,천안시,천안시,천안시 동남구,목천읍,덕전리
4413025937,4413125037,4413125037,20080624,충청남도,천안시,천안시,천안시 동남구,목천읍,도장리
4413025922,4413125022,4413125022,20080624,충청남도,천안시,천안시,천안시 동남구,목천읍,동리
4413025928,4413125028,4413125028,20080624,충청남도,천안시,천안시,천안시 동남구,목천읍,동평리
4413025936,4413125036,4413125036,20080624,충청남도,천안시,천안시,천안시 동남구,목천읍,삼성리
4413025921,4413125021,4413125021,20080624,충청남도,천안시,천안시,천안시 동남구,목천읍,서리
4413025924,4413125024,4413125024,20080624,충청남도,천안시,천안시,천안시 동남구,목천읍,서흥리
4413025927,4413125027,4413125027,20080624,충청남도,천안시,천안시,천안시 동남구,목천읍,석천리
4413025938,4413125038,4413125038,20080624,충청남도,천안시,천안시,천안시 동남구,목천읍,소사리
4413025926,4413125026,4413125026,20080624,충청남도,천안시,천안시,천안시 동남구,목천읍,송전리
4413025933,4413125033,4413125033,20080624,충청남도,천안시,천안시,천안시 동남구,목천읍,신계리
4413025929,4413125029,4413125029,20080624,충청남도,천안시,천안시,천안시 동남구,목천읍,운전리
4413025935,4413125035,4413125035,20080624,충청남도,천안시,천안시,천안시 동남구,목천읍,응원리
4413025931,4413125031,4413125031,20080624,충청남도,천안시,천안시,천안시 동남구,목천읍,지산리
4413025934,4413125034,4413125034,20080624,충청남도,천안시,천안시,천안시 동남구,목천읍,천정리
4413010400,4413110300,4413110300,20080624,충청남도,천안시,천안시,천안시 동남구,문화동,
4413011500,4413310300,4413310300,20080624,충청남도,천안시,천안시,천안시 서북구,백석동,
4413037000,4413136000,4413136000,20080624,충청남도,천안시,천안시,천안시 동남구,병천면,
4413037021,4413136021,4413136021,20080624,충청남도,천안시,천안시,천안시 동남구,병천면,가전리
4413037026,4413136026,4413136026,20080624,충청남도,천안시,천안시,천안시 동남구,병천면,관성리
4413037024,4413136024,4413136024,20080624,충청남도,천안시,천안시,천안시 동남구,병천면,도원리
4413037025,4413136025,4413136025,20080624,충청남도,천안시,천안시,천안시 동남구,병천면,매성리
4413037022,4413136022,4413136022,20080624,충청남도,천안시,천안시,천안시 동남구,병천면,병천리
4413037027,4413136027,4413136027,20080624,충청남도,천안시,천안시,천안시 동남구,병천면,봉항리
4413037030,4413136029,4413136029,20080624,충청남도,천안시,천안시,천안시 동남구,병천면,송정리
4413037028,4413136028,4413136028,20080624,충청남도,천안시,천안시,천안시 동남구,병천면,용두리
4413037023,4413136023,4413136023,20080624,충청남도,천안시,천안시,천안시 동남구,병천면,탑원리
4413011900,4413111300,4413111300,20080624,충청남도,천안시,천안시,천안시 동남구,봉명동,
4413012800,4413311100,4413311100,20080624,충청남도,천안시,천안시,천안시 서북구,부대동,
4413034000,4413133000,4413133000,20080624,충청남도,천안시,천안시,천안시 동남구,북면,
4413034031,4413133031,4413133031,20080624,충청남도,천안시,천안시,천안시 동남구,북면,납안리
4413034033,4413133033,4413133033,20080624,충청남도,천안시,천안시,천안시 동남구,북면,대평리
4413034025,4413133025,4413133025,20080624,충청남도,천안시,천안시,천안시 동남구,북면,매송리
4413034026,4413133026,4413133026,20080624,충청남도,천안시,천안시,천안시 동남구,북면,명덕리
4413034028,4413133028,4413133028,20080624,충청남도,천안시,천안시,천안시 동남구,북면,사담리
4413034022,4413133022,4413133022,20080624,충청남도,천안시,천안시,천안시 동남구,북면,상동리
4413034030,4413133030,4413133030,20080624,충청남도,천안시,천안시,천안시 동남구,북면,양곡리
4413034021,4413133021,4413133021,20080624,충청남도,천안시,천안시,천안시 동남구,북면,연춘리
4413034027,4413133027,4413133027,20080624,충청남도,천안시,천안시,천안시 동남구,북면,오곡리
4413034024,4413133024,4413133024,20080624,충청남도,천안시,천안시,천안시 동남구,북면,용암리
4413034032,4413133032,4413133032,20080624,충청남도,천안시,천안시,천안시 동남구,북면,운용리
4413034023,4413133023,4413133023,20080624,충청남도,천안시,천안시,천안시 동남구,북면,은지리
4413034029,4413133029,4413133029,20080624,충청남도,천안시,천안시,천안시 동남구,북면,전곡리
4413012400,4413310800,4413310800,20080624,충청남도,천안시,천안시,천안시 서북구,불당동,
4413010500,4413110400,4413110400,20080624,충청남도,천안시,천안시,천안시 동남구,사직동,
4413011100,4413111000,4413111000,20080624,충청남도,천안시,천안시,천안시 동남구,삼룡동,
4413025300,4413325300,4413325300,20080624,충청남도,천안시,천안시,천안시 서북구,성거읍,
4413025326,4413325326,4413325326,20080624,충청남도,천안시,천안시,천안시 서북구,성거읍,모전리
4413025329,4413325329,4413325329,20080624,충청남도,천안시,천안시,천안시 서북구,성거읍,문덕리
4413025327,4413325327,4413325327,20080624,충청남도,천안시,천안시,천안시 서북구,성거읍,삼곡리
4413025330,4413325330,4413325330,20080624,충청남도,천안시,천안시,천안시 서북구,성거읍,석교리
4413025332,4413325332,4413325332,20080624,충청남도,천안시,천안시,천안시 서북구,성거읍,소우리
4413025321,4413325321,4413325321,20080624,충청남도,천안시,천안시,천안시 서북구,성거읍,송남리
4413025333,4413325333,4413325333,20080624,충청남도,천안시,천안시,천안시 서북구,성거읍,신월리
4413025323,4413325323,4413325323,20080624,충청남도,천안시,천안시,천안시 서북구,성거읍,오목리
4413025324,4413325324,4413325324,20080624,충청남도,천안시,천안시,천안시 서북구,성거읍,오색당리
4413025331,4413325331,4413325331,20080624,충청남도,천안시,천안시,천안시 서북구,성거읍,요방리
4413025325,4413325325,4413325325,20080624,충청남도,천안시,천안시,천안시 서북구,성거읍,저리
4413025328,4413325328,4413325328,20080624,충청남도,천안시,천안시,천안시 서북구,성거읍,정촌리
4413025322,4413325322,4413325322,20080624,충청남도,천안시,천안시,천안시 서북구,성거읍,천흥리
4413035000,4413134000,4413134000,20080624,충청남도,천안시,천안시,천안시 동남구,성남면,
4413035024,4413134024,4413134024,20080624,충청남도,천안시,천안시,천안시 동남구,성남면,대정리
4413035028,4413134028,4413134028,20080624,충청남도,천안시,천안시,천안시 동남구,성남면,대화리
4413035023,4413134023,4413134023,20080624,충청남도,천안시,천안시,천안시 동남구,성남면,대흥리
4413035022,4413134022,4413134022,20080624,충청남도,천안시,천안시,천안시 동남구,성남면,봉양리
4413035025,4413134025,4413134025,20080624,충청남도,천안시,천안시,천안시 동남구,성남면,석곡리
4413035021,4413134021,4413134021,20080624,충청남도,천안시,천안시,천안시 동남구,성남면,신덕리
4413035027,4413134027,4413134027,20080624,충청남도,천안시,천안시,천안시 동남구,성남면,신사리
4413035026,4413134026,4413134026,20080624,충청남도,천안시,천안시,천안시 동남구,성남면,용원리
4413035029,4413134029,4413134029,20080624,충청남도,천안시,천안시,천안시 동남구,성남면,화성리
4413011700,4413310500,4413310500,20080624,충청남도,천안시,천안시,천안시 서북구,성성동,
4413011400,4413310200,4413310200,20080624,충청남도,천안시,천안시,천안시 서북구,성정동,
4413025000,4413325000,4413325000,20080624,충청남도,천안시,천안시,천안시 서북구,성환읍,
4413025034,4413325034,4413325034,20080624,충청남도,천안시,천안시,천안시 서북구,성환읍,대홍리
4413025038,4413325038,4413325038,20080624,충청남도,천안시,천안시,천안시 서북구,성환읍,도하리
4413025023,4413325023,4413325023,20080624,충청남도,천안시,천안시,천안시 서북구,성환읍,매주리
4413025030,4413325030,4413325030,20080624,충청남도,천안시,천안시,천안시 서북구,성환읍,복모리
4413025022,4413325022,4413325022,20080624,충청남도,천안시,천안시,천안시 서북구,성환읍,성월리
4413025021,4413325021,4413325021,20080624,충청남도,천안시,천안시,천안시 서북구,성환읍,성환리
4413025027,4413325027,4413325027,20080624,충청남도,천안시,천안시,천안시 서북구,성환읍,송덕리
4413025035,4413325035,4413325035,20080624,충청남도,천안시,천안시,천안시 서북구,성환읍,수향리
4413025031,4413325031,4413325031,20080624,충청남도,천안시,천안시,천안시 서북구,성환읍,신가리
4413025026,4413325026,4413325026,20080624,충청남도,천안시,천안시,천안시 서북구,성환읍,신방리
4413025036,4413325036,4413325036,20080624,충청남도,천안시,천안시,천안시 서북구,성환읍,안궁리
4413025037,4413325037,4413325037,20080624,충청남도,천안시,천안시,천안시 서북구,성환읍,양령리
4413025029,4413325029,4413325029,20080624,충청남도,천안시,천안시,천안시 서북구,성환읍,어룡리
4413025032,4413325032,4413325032,20080624,충청남도,천안시,천안시,천안시 서북구,성환읍,와룡리
4413025025,4413325025,4413325025,20080624,충청남도,천안시,천안시,천안시 서북구,성환읍,왕림리
4413025028,4413325028,4413325028,20080624,충청남도,천안시,천안시,천안시 서북구,성환읍,우신리
4413025024,4413325024,4413325024,20080624,충청남도,천안시,천안시,천안시 서북구,성환읍,율금리
4413025033,4413325033,4413325033,20080624,충청남도,천안시,천안시,천안시 서북구,성환읍,학정리
4413010300,4413110200,4413110200,20080624,충청남도,천안시,천안시,천안시 동남구,성황동,
4413036000,4413135000,4413135000,20080624,충청남도,천안시,천안시,천안시 동남구,수신면,
4413036025,4413135025,4413135025,20080624,충청남도,천안시,천안시,천안시 동남구,수신면,발산리
4413036024,4413135024,4413135024,20080624,충청남도,천안시,천안시,천안시 동남구,수신면,백자리
4413036021,4413135021,4413135021,20080624,충청남도,천안시,천안시,천안시 동남구,수신면,속창리
4413036022,4413135022,4413135022,20080624,충청남도,천안시,천안시,천안시 동남구,수신면,신풍리
4413036026,4413135026,4413135026,20080624,충청남도,천안시,천안시,천안시 동남구,수신면,장산리
4413036023,4413135023,4413135023,20080624,충청남도,천안시,천안시,천안시 동남구,수신면,해정리
4413012700,4413311000,4413311000,20080624,충청남도,천안시,천안시,천안시 서북구,신당동,
4413012200,4413111600,4413111600,20080624,충청남도,천안시,천안시,천안시 동남구,신방동,
4413012500,4413111800,4413111800,20080624,충청남도,천안시,천안시,천안시 동남구,신부동,
4413012900,4413111900,4413111900,20080624,충청남도,천안시,천안시,천안시 동남구,안서동,
4413012600,4413310900,4413310900,20080624,충청남도,천안시,천안시,천안시 서북구,업성동,
4413010600,4413110500,4413110500,20080624,충청남도,천안시,천안시,천안시 동남구,영성동,
4413010700,4413110600,4413110600,20080624,충청남도,천안시,천안시,천안시 동남구,오룡동,
4413010200,4413310100,4413310100,20080624,충청남도,천안시,천안시,천안시 서북구,와촌동,
4413012100,4413111500,4413111500,20080624,충청남도,천안시,천안시,천안시 동남구,용곡동,
4413010800,4413110700,4413110700,20080624,충청남도,천안시,천안시,천안시 동남구,원성동,
4413011300,4413111200,4413111200,20080624,충청남도,천안시,천안시,천안시 동남구,유량동,
4413040000,4413331000,4413331000,20080624,충청남도,천안시,천안시,천안시 서북구,입장면,
4413040036,4413331036,4413331036,20080624,충청남도,천안시,천안시,천안시 서북구,입장면,가산리
4413040023,4413331023,4413331023,20080624,충청남도,천안시,천안시,천안시 서북구,입장면,기로리
4413040024,4413331024,4413331024,20080624,충청남도,천안시,천안시,천안시 서북구,입장면,도림리
4413040038,4413331038,4413331038,20080624,충청남도,천안시,천안시,천안시 서북구,입장면,독정리
4413040034,4413331034,4413331034,20080624,충청남도,천안시,천안시,천안시 서북구,입장면,산정리
4413040022,4413331022,4413331022,20080624,충청남도,천안시,천안시,천안시 서북구,입장면,상장리
4413040028,4413331028,4413331028,20080624,충청남도,천안시,천안시,천안시 서북구,입장면,시장리
4413040030,4413331030,4413331030,20080624,충청남도,천안시,천안시,천안시 서북구,입장면,신덕리
4413040031,4413331031,4413331031,20080624,충청남도,천안시,천안시,천안시 서북구,입장면,신두리
4413040025,4413331025,4413331025,20080624,충청남도,천안시,천안시,천안시 서북구,입장면,양대리
4413040035,4413331035,4413331035,20080624,충청남도,천안시,천안시,천안시 서북구,입장면,연곡리
4413040032,4413331032,4413331032,20080624,충청남도,천안시,천안시,천안시 서북구,입장면,용정리
4413040037,4413331037,4413331037,20080624,충청남도,천안시,천안시,천안시 서북구,입장면,유리
4413040021,4413331021,4413331021,20080624,충청남도,천안시,천안시,천안시 서북구,입장면,하장리
4413040027,4413331027,4413331027,20080624,충청남도,천안시,천안시,천안시 서북구,입장면,호당리
4413040026,4413331026,4413331026,20080624,충청남도,천안시,천안시,천안시 서북구,입장면,홍천리
4413040029,4413331029,4413331029,20080624,충청남도,천안시,천안시,천안시 서북구,입장면,효계리
4413040033,4413331033,4413331033,20080624,충청남도,천안시,천안시,천안시 서북구,입장면,흑암리
4413025600,4413325600,4413325600,20080624,충청남도,천안시,천안시,천안시 서북구,직산읍,
4413025621,4413325621,4413325621,20080624,충청남도,천안시,천안시,천안시 서북구,직산읍,군동리
4413025622,4413325622,4413325622,20080624,충청남도,천안시,천안시,천안시 서북구,직산읍,군서리
4413025623,4413325623,4413325623,20080624,충청남도,천안시,천안시,천안시 서북구,직산읍,남산리
4413025633,4413325633,4413325633,20080624,충청남도,천안시,천안시,천안시 서북구,직산읍,마정리
4413025629,4413325629,4413325629,20080624,충청남도,천안시,천안시,천안시 서북구,직산읍,모시리
4413025628,4413325628,4413325628,20080624,충청남도,천안시,천안시,천안시 서북구,직산읍,부송리
4413025626,4413325626,4413325626,20080624,충청남도,천안시,천안시,천안시 서북구,직산읍,삼은리
4413025627,4413325627,4413325627,20080624,충청남도,천안시,천안시,천안시 서북구,직산읍,상덕리
4413025634,4413325634,4413325634,20080624,충청남도,천안시,천안시,천안시 서북구,직산읍,석곡리
4413025625,4413325625,4413325625,20080624,충청남도,천안시,천안시,천안시 서북구,직산읍,수헐리
4413025632,4413325632,4413325632,20080624,충청남도,천안시,천안시,천안시 서북구,직산읍,신갈리
4413025631,4413325631,4413325631,20080624,충청남도,천안시,천안시,천안시 서북구,직산읍,양당리
4413025630,4413325630,4413325630,20080624,충청남도,천안시,천안시,천안시 서북구,직산읍,자은가리
4413025624,4413325624,4413325624,20080624,충청남도,천안시,천안시,천안시 서북구,직산읍,판정리
4413011800,4413310600,4413310600,20080624,충청남도,천안시,천안시,천안시 서북구,차암동,
4413011200,4413111100,4413111100,20080624,충청남도,천안시,천안시,천안시 동남구,청당동,
4413011000,4413110900,4413110900,20080624,충청남도,천안시,천안시,천안시 동남구,청수동,
4413031000,4413131000,4413131000,20080624,충청남도,천안시,천안시,천안시 동남구,풍세면,
4413031022,4413131022,4413131022,20080624,충청남도,천안시,천안시,천안시 동남구,풍세면,가송리
4413031025,4413131025,4413131025,20080624,충청남도,천안시,천안시,천안시 동남구,풍세면,남관리
4413031024,4413131024,4413131024,20080624,충청남도,천안시,천안시,천안시 동남구,풍세면,두남리
4413031023,4413131023,4413131023,20080624,충청남도,천안시,천안시,천안시 동남구,풍세면,미죽리
4413031028,4413131028,4413131028,20080624,충청남도,천안시,천안시,천안시 동남구,풍세면,보성리
4413031026,4413131026,4413131026,20080624,충청남도,천안시,천안시,천안시 동남구,풍세면,삼태리
4413031027,4413131027,4413131027,20080624,충청남도,천안시,천안시,천안시 동남구,풍세면,용정리
4413031021,4413131021,4413131021,20080624,충청남도,천안시,천안시,천안시 동남구,풍세면,풍서리
4811015900,4812313100,4812313100,20100630,경상남도,창원시,창원시,창원시 성산구,가음동,
4811011200,4812310300,4812310300,20100630,경상남도,창원시,창원시,창원시 성산구,가음정동,
4811014500,4812312100,4812312100,20100630,경상남도,창원시,창원시,창원시 성산구,귀곡동,
4811014400,4812312000,4812312000,20100630,경상남도,창원시,창원시,창원시 성산구,귀산동,
4811014600,4812312200,4812312200,20100630,경상남도,창원시,창원시,창원시 성산구,귀현동,
4811011500,4812310600,4812310600,20100630,경상남도,창원시,창원시,창원시 성산구,남산동,
4811012700,4812311200,4812311200,20100630,경상남도,창원시,창원시,창원시 성산구,남지동,
4811012100,4812311100,4812311100,20100630,경상남도,창원시,창원시,창원시 성산구,내동,
4811014300,4812112200,4812112200,20100630,경상남도,창원시,창원시,창원시 의창구,내리동,
4811011400,4812310500,4812310500,20100630,경상남도,창원시,창원시,창원시 성산구,대방동,
4811033000,4812132000,4812132000,20100630,경상남도,창원시,창원시,창원시 의창구,대산면,
4811033024,4812132024,4812132024,20100630,경상남도,창원시,창원시,창원시 의창구,대산면,가술리
4811033021,4812132021,4812132021,20100630,경상남도,창원시,창원시,창원시 의창구,대산면,갈전리
4811033029,4812132029,4812132029,20100630,경상남도,창원시,창원시,창원시 의창구,대산면,대방리
4811033023,4812132023,4812132023,20100630,경상남도,창원시,창원시,창원시 의창구,대산면,모산리
4811033027,4812132027,4812132027,20100630,경상남도,창원시,창원시,창원시 의창구,대산면,북부리
4811033026,4812132026,4812132026,20100630,경상남도,창원시,창원시,창원시 의창구,대산면,우암리
4811033028,4812132028,4812132028,20100630,경상남도,창원시,창원시,창원시 의창구,대산면,유등리
4811033022,4812132022,4812132022,20100630,경상남도,창원시,창원시,창원시 의창구,대산면,일동리
4811033025,4812132025,4812132025,20100630,경상남도,창원시,창원시,창원시 의창구,대산면,제동리
4811014800,4812112300,,20100630,경상남도,창원시,창원시,창원시 의창구,대원동,
4811012400,4812111200,4812111200,20100630,경상남도,창원시,창원시,창원시 의창구,덕정동,
4811010500,4812110500,4812110500,20100630,경상남도,창원시,창원시,창원시 의창구,도계동,
4811025000,4812125000,4812125000,20100630,경상남도,창원시,창원시,창원시 의창구,동읍,
4811025038,4812125038,4812125038,20100630,경상남도,창원시,창원시,창원시 의창구,동읍,금산리
4811025023,4812125023,4812125023,20100630,경상남도,창원시,창원시,창원시 의창구,동읍,남산리
4811025042,4812125042,4812125042,20100630,경상남도,창원시,창원시,창원시 의창구,동읍,노연리
4811025034,4812125034,4812125034,20100630,경상남도,창원시,창원시,창원시 의창구,동읍,다호리
4811025029,4812125029,4812125029,20100630,경상남도,창원시,창원시,창원시 의창구,동읍,단계리
4811025025,4812125025,4812125025,20100630,경상남도,창원시,창원시,창원시 의창구,동읍,덕산리
4811025024,4812125024,4812125024,20100630,경상남도,창원시,창원시,창원시 의창구,동읍,덕천리
4811025030,4812125030,4812125030,20100630,경상남도,창원시,창원시,창원시 의창구,동읍,무성리
4811025031,4812125031,4812125031,20100630,경상남도,창원시,창원시,창원시 의창구,동읍,무점리
4811025041,4812125041,4812125041,20100630,경상남도,창원시,창원시,창원시 의창구,동읍,본포리
4811025040,4812125040,4812125040,20100630,경상남도,창원시,창원시,창원시 의창구,동읍,봉강리
4811025039,4812125039,4812125039,20100630,경상남도,창원시,창원시,창원시 의창구,동읍,봉곡리
4811025026,4812125026,4812125026,20100630,경상남도,창원시,창원시,창원시 의창구,동읍,봉산리
4811025043,4812125043,4812125043,20100630,경상남도,창원시,창원시,창원시 의창구,동읍,산남리
4811025037,4812125037,4812125037,20100630,경상남도,창원시,창원시,창원시 의창구,동읍,석산리
4811025027,4812125027,4812125027,20100630,경상남도,창원시,창원시,창원시 의창구,동읍,송정리
4811025033,4812125033,4812125033,20100630,경상남도,창원시,창원시,창원시 의창구,동읍,신방리
4811025021,4812125021,4812125021,20100630,경상남도,창원시,창원시,창원시 의창구,동읍,용강리
4811025032,4812125032,4812125032,20100630,경상남도,창원시,창원시,창원시 의창구,동읍,용잠리
4811025022,4812125022,4812125022,20100630,경상남도,창원시,창원시,창원시 의창구,동읍,용전리
4811025028,4812125028,4812125028,20100630,경상남도,창원시,창원시,창원시 의창구,동읍,용정리
4811025035,4812125035,4812125035,20100630,경상남도,창원시,창원시,창원시 의창구,동읍,월잠리
4811025044,4812125044,4812125044,20100630,경상남도,창원시,창원시,창원시 의창구,동읍,죽동리
4811025036,4812125036,4812125036,20100630,경상남도,창원시,창원시,창원시 의창구,동읍,화양리
4811010600,4812110600,4812110600,20100630,경상남도,창원시,창원시,창원시 의창구,동정동,
4811012300,4812111100,,20100630,경상남도,창원시,창원시,창원시 의창구,두대동,
4811013900,4812111800,4812111800,20100630,경상남도,창원시,창원시,창원시 의창구,명곡동,
4811014900,4812112400,4812112400,20100630,경상남도,창원시,창원시,창원시 의창구,명서동,
4811014000,4812111900,4812111900,20100630,경상남도,창원시,창원시,창원시 의창구,반계동,
4811015200,4812312600,4812312600,20100630,경상남도,창원시,창원시,창원시 성산구,반림동,
4811015000,4812312400,4812312400,20100630,경상남도,창원시,창원시,창원시 성산구,반지동,
4811016000,4812112700,4812112700,20100630,경상남도,창원시,창원시,창원시 의창구,봉곡동,
4811013700,4812111600,4812111600,20100630,경상남도,창원시,창원시,창원시 의창구,봉림동,
4811010100,4812110100,4812110100,20100630,경상남도,창원시,창원시,창원시 의창구,북동,
4811032000,4812131000,4812131000,20100630,경상남도,창원시,창원시,창원시 의창구,북면,
4811032028,4812131028,4812131028,20100630,경상남도,창원시,창원시,창원시 의창구,북면,감계리
4811032022,4812131022,4812131022,20100630,경상남도,창원시,창원시,창원시 의창구,북면,고암리
4811032032,4812131032,4812131032,20100630,경상남도,창원시,창원시,창원시 의창구,북면,내곡리
4811032023,4812131023,4812131023,20100630,경상남도,창원시,창원시,창원시 의창구,북면,대산리
4811032029,4812131029,4812131029,20100630,경상남도,창원시,창원시,창원시 의창구,북면,동전리
4811032037,4812131037,4812131037,20100630,경상남도,창원시,창원시,창원시 의창구,북면,마산리
4811032031,4812131031,4812131031,20100630,경상남도,창원시,창원시,창원시 의창구,북면,무곡리
4811032030,4812131030,4812131030,20100630,경상남도,창원시,창원시,창원시 의창구,북면,무동리
4811032033,4812131033,4812131033,20100630,경상남도,창원시,창원시,창원시 의창구,북면,상천리
4811032036,4812131036,4812131036,20100630,경상남도,창원시,창원시,창원시 의창구,북면,신촌리
4811032027,4812131027,4812131027,20100630,경상남도,창원시,창원시,창원시 의창구,북면,외감리
4811032035,4812131035,4812131035,20100630,경상남도,창원시,창원시,창원시 의창구,북면,외산리
4811032038,4812131038,4812131038,20100630,경상남도,창원시,창원시,창원시 의창구,북면,월계리
4811032025,4812131025,4812131025,20100630,경상남도,창원시,창원시,창원시 의창구,북면,월백리
4811032024,4812131024,4812131024,20100630,경상남도,창원시,창원시,창원시 의창구,북면,월촌리
4811032021,4812131021,4812131021,20100630,경상남도,창원시,창원시,창원시 의창구,북면,지개리
4811032034,4812131034,4812131034,20100630,경상남도,창원시,창원시,창원시 의창구,북면,하천리
4811032026,4812131026,4812131026,20100630,경상남도,창원시,창원시,창원시 의창구,북면,화천리
4811011800,4812310900,4812310900,20100630,경상남도,창원시,창원시,창원시 성산구,불모산동,
4811015600,4812112500,4812112500,20100630,경상남도,창원시,창원시,창원시 의창구,사림동,
4811015700,4812313000,4812313000,20100630,경상남도,창원시,창원시,창원시 성산구,사파동,
4811011100,4812310200,4812310200,20100630,경상남도,창원시,창원시,창원시 성산구,사파정동,
4811014100,4812112000,4812112000,20100630,경상남도,창원시,창원시,창원시 의창구,사화동,
4811012200,4812111000,,20100630,경상남도,창원시,창원시,창원시 의창구,삼동동,
4811011600,4812310700,4812310700,20100630,경상남도,창원시,창원시,창원시 성산구,삼정자동,
4811012800,4812311300,4812311300,20100630,경상남도,창원시,창원시,창원시 성산구,상복동,
4811013500,4812111400,4812111400,20100630,경상남도,창원시,창원시,창원시 의창구,서곡동,
4811010300,4812110300,4812110300,20100630,경상남도,창원시,창원시,창원시 의창구,서상동,
4811016300,4812313200,4812313200,20100630,경상남도,창원시,창원시,창원시 성산구,성산동,
4811015400,4812312800,4812312800,20100630,경상남도,창원시,창원시,창원시 성산구,성주동,
4811010700,4812110700,4812110700,20100630,경상남도,창원시,창원시,창원시 의창구,소계동,
4811010400,4812110400,4812110400,20100630,경상남도,창원시,창원시,창원시 의창구,소답동,
4811014700,4812312300,4812312300,20100630,경상남도,창원시,창원시,창원시 성산구,신촌동,
4811011900,4812311000,4812311000,20100630,경상남도,창원시,창원시,창원시 성산구,안민동,
4811013300,4812311800,4812311800,20100630,경상남도,창원시,창원시,창원시 성산구,양곡동,
4811012900,4812311400,4812311400,20100630,경상남도,창원시,창원시,창원시 성산구,완암동,
4811011300,4812310400,4812310400,20100630,경상남도,창원시,창원시,창원시 성산구,외동,
4811010800,4812110800,4812110800,20100630,경상남도,창원시,창원시,창원시 의창구,용동,
4811010900,4812110900,,20100630,경상남도,창원시,창원시,창원시 의창구,용지동,
4811016100,4812112800,,20100630,경상남도,창원시,창원시,창원시 의창구,용호동,
4811015500,4812312900,4812312900,20100630,경상남도,창원시,창원시,창원시 성산구,웅남동,
4811013100,4812311600,4812311600,20100630,경상남도,창원시,창원시,창원시 성산구,월림동,
4811013200,4812311700,4812311700,20100630,경상남도,창원시,창원시,창원시 성산구,적현동,
4811010200,4812110200,4812110200,20100630,경상남도,창원시,창원시,창원시 의창구,중동,
4811013400,4812111300,4812111300,20100630,경상남도,창원시,창원시,창원시 의창구,지귀동,
4811014200,4812112100,4812112100,20100630,경상남도,창원시,창원시,창원시 의창구,차용동,
4811013000,4812311500,4812311500,20100630,경상남도,창원시,창원시,창원시 성산구,창곡동,
4811011700,4812310800,4812310800,20100630,경상남도,창원시,창원시,창원시 성산구,천선동,
4811011000,4812310100,4812310100,20100630,경상남도,창원시,창원시,창원시 성산구,토월동,
4811013800,4812111700,4812111700,20100630,경상남도,창원시,창원시,창원시 의창구,퇴촌동,
4811016200,4812112900,4812112900,20100630,경상남도,창원시,창원시,창원시 의창구,팔용동,
4119011600,4119410700,4119410700,20231231,경기도,부천시,부천시,부천시 소사구,계수동,
4119012100,4119610500,4119610500,20231231,경기도,부천시,부천시,부천시 오정구,고강동,
4119011300,4119410400,4119410400,20231231,경기도,부천시,부천시,부천시 소사구,괴안동,
4119012400,4119610800,4119610800,20231231,경기도,부천시,부천시,부천시 오정구,내동,
4119012200,4119610600,4119610600,20231231,경기도,부천시,부천시,부천시 오정구,대장동,
4119010400,4119210400,4119210400,20231231,경기도,부천시,부천시,부천시 원미구,도당동,
4119011200,4119410300,4119410300,20231231,경기도,부천시,부천시,부천시 소사구,범박동,
4119012300,4119610700,4119610700,20231231,경기도,부천시,부천시,부천시 오정구,삼정동,
4119010900,4119210900,4119210900,20231231,경기도,부천시,부천시,부천시 원미구,상동,
4119010600,4119210600,4119210600,20231231,경기도,부천시,부천시,부천시 원미구,소사동,
4119011000,4119410100,4119410100,20231231,경기도,부천시,부천시,부천시 소사구,소사본동,
4119011400,4119410500,4119410500,20231231,경기도,부천시,부천시,부천시 소사구,송내동,
4119010200,4119210200,4119210200,20231231,경기도,부천시,부천시,부천시 원미구,심곡동,
4119011100,4119410200,4119410200,20231231,경기도,부천시,부천시,부천시 소사구,심곡본동,
4119010500,4119210500,4119210500,20231231,경기도,부천시,부천시,부천시 원미구,약대동,
4119011800,4119610200,4119610200,20231231,경기도,부천시,부천시,부천시 오정구,여월동,
4119010700,4119210700,4119210700,20231231,경기도,부천시,부천시,부천시 원미구,역곡동,
4119011700,4119610100,4119610100,20231231,경기도,부천시,부천시,부천시 오정구,오정동,
4119011500,4119410600,4119410600,20231231,경기도,부천시,부천시,부천시 소사구,옥길동,
4119010100,4119210100,4119210100,20231231,경기도,부천시,부천시,부천시 원미구,원미동,
4119012000,4119610400,4119610400,20231231,경기도,부천시,부천시,부천시 오정구,원종동,
4119011900,4119610300,4119610300,20231231,경기도,부천시,부천시,부천시 오정구,작동,
4119010800,4119210800,4119210800,20231231,경기도,부천시,부천시,부천시 원미구,중동,
4119010300,4119210300,4119210300,20231231,경기도,부천시,부천시,부천시 원미구,춘의동,
4159013900,4159711400,4159711400,20260202,경기도,화성시,화성시,화성시 동탄구,금곡동,
4159011900,4159510400,4159510400,20260202,경기도,화성시,화성시,화성시 병점구,기산동,
4159012400,4159310200,4159310200,20260202,경기도,화성시,화성시,화성시 효행구,기안동,
4159026200,4159125600,4159125600,20260202,경기도,화성시,화성시,화성시 만세구,남양읍,
4159026221,4159125621,4159125621,20260202,경기도,화성시,화성시,화성시 만세구,남양읍,남양리
4159026227,4159125627,4159125627,20260202,경기도,화성시,화성시,화성시 만세구,남양읍,무송리
4159026233,4159125633,4159125633,20260202,경기도,화성시,화성시,화성시 만세구,남양읍,문호리
4159026228,4159125628,4159125628,20260202,경기도,화성시,화성시,화성시 만세구,남양읍,북양리
4159026229,4159125629,4159125629,20260202,경기도,화성시,화성시,화성시 만세구,남양읍,송림리
4159026230,4159125630,4159125630,20260202,경기도,화성시,화성시,화성시 만세구,남양읍,수화리
4159026234,4159125634,4159125634,20260202,경기도,화성시,화성시,화성시 만세구,남양읍,시리
4159026222,4159125622,4159125622,20260202,경기도,화성시,화성시,화성시 만세구,남양읍,신남리
4159026232,4159125632,4159125632,20260202,경기도,화성시,화성시,화성시 만세구,남양읍,신외리
4159026224,4159125624,4159125624,20260202,경기도,화성시,화성시,화성시 만세구,남양읍,안석리
4159026226,4159125626,4159125626,20260202,경기도,화성시,화성시,화성시 만세구,남양읍,온석리
4159026235,4159125635,4159125635,20260202,경기도,화성시,화성시,화성시 만세구,남양읍,원천리
4159026223,4159125623,4159125623,20260202,경기도,화성시,화성시,화성시 만세구,남양읍,장덕리
4159026231,4159125631,4159125631,20260202,경기도,화성시,화성시,화성시 만세구,남양읍,장전리
4159026225,4159125625,4159125625,20260202,경기도,화성시,화성시,화성시 만세구,남양읍,활초리
4159033000,4159131000,4159131000,20260202,경기도,화성시,화성시,화성시 만세구,마도면,
4159033030,4159131030,4159131030,20260202,경기도,화성시,화성시,화성시 만세구,마도면,고모리
4159033029,4159131029,4159131029,20260202,경기도,화성시,화성시,화성시 만세구,마도면,금당리
4159033022,4159131022,4159131022,20260202,경기도,화성시,화성시,화성시 만세구,마도면,두곡리
4159033028,4159131028,4159131028,20260202,경기도,화성시,화성시,화성시 만세구,마도면,백곡리
4159033021,4159131021,4159131021,20260202,경기도,화성시,화성시,화성시 만세구,마도면,석교리
4159033023,4159131023,4159131023,20260202,경기도,화성시,화성시,화성시 만세구,마도면,송정리
4159033026,4159131026,4159131026,20260202,경기도,화성시,화성시,화성시 만세구,마도면,슬항리
4159033024,4159131024,4159131024,20260202,경기도,화성시,화성시,화성시 만세구,마도면,쌍송리
4159033025,4159131025,4159131025,20260202,경기도,화성시,화성시,화성시 만세구,마도면,청원리
4159033027,4159131027,4159131027,20260202,경기도,화성시,화성시,화성시 만세구,마도면,해문리
4159031000,4159331000,4159331000,20260202,경기도,화성시,화성시,화성시 효행구,매송면,
4159031026,4159331026,4159331026,20260202,경기도,화성시,화성시,화성시 효행구,매송면,송라리
4159031024,4159331024,4159331024,20260202,경기도,화성시,화성시,화성시 효행구,매송면,숙곡리
4159031025,4159331025,4159331025,20260202,경기도,화성시,화성시,화성시 효행구,매송면,야목리
4159031023,4159331023,4159331023,20260202,경기도,화성시,화성시,화성시 효행구,매송면,어천리
4159031027,4159331027,4159331027,20260202,경기도,화성시,화성시,화성시 효행구,매송면,원리
4159031022,4159331022,4159331022,20260202,경기도,화성시,화성시,화성시 효행구,매송면,원평리
4159031021,4159331021,4159331021,20260202,경기도,화성시,화성시,화성시 효행구,매송면,천천리
4159013400,4159710900,4159710900,20260202,경기도,화성시,화성시,화성시 동탄구,목동,
4159012700,4159710200,4159710200,20260202,경기도,화성시,화성시,화성시 동탄구,반송동,
4159012000,4159510500,4159510500,20260202,경기도,화성시,화성시,화성시 병점구,반월동,
4159012100,4159510600,4159510600,20260202,경기도,화성시,화성시,화성시 병점구,반정동,
4159013800,4159711300,4159711300,20260202,경기도,화성시,화성시,화성시 동탄구,방교동,
4159012300,4159310100,4159310100,20260202,경기도,화성시,화성시,화성시 효행구,배양동,
4159011700,4159510200,4159510200,20260202,경기도,화성시,화성시,화성시 병점구,병점동,
4159025300,4159325000,4159325000,20260202,경기도,화성시,화성시,화성시 효행구,봉담읍,
4159025322,4159325022,4159325022,20260202,경기도,화성시,화성시,화성시 효행구,봉담읍,내리
4159025330,4159325030,4159325030,20260202,경기도,화성시,화성시,화성시 효행구,봉담읍,당하리
4159025333,4159325033,4159325033,20260202,경기도,화성시,화성시,화성시 효행구,봉담읍,덕리
4159025334,4159325034,4159325034,20260202,경기도,화성시,화성시,화성시 효행구,봉담읍,덕우리
4159025324,4159325024,4159325024,20260202,경기도,화성시,화성시,화성시 효행구,봉담읍,동화리
4159025331,4159325031,4159325031,20260202,경기도,화성시,화성시,화성시 효행구,봉담읍,마하리
4159025327,4159325027,4159325027,20260202,경기도,화성시,화성시,화성시 효행구,봉담읍,분천리
4159025336,4159325036,4159325036,20260202,경기도,화성시,화성시,화성시 효행구,봉담읍,상기리
4159025321,4159325021,4159325021,20260202,경기도,화성시,화성시,화성시 효행구,봉담읍,상리
4159025329,4159325029,4159325029,20260202,경기도,화성시,화성시,화성시 효행구,봉담읍,세곡리
4159025326,4159325026,4159325026,20260202,경기도,화성시,화성시,화성시 효행구,봉담읍,수기리
4159025323,4159325023,4159325023,20260202,경기도,화성시,화성시,화성시 효행구,봉담읍,수영리
4159025325,4159325025,4159325025,20260202,경기도,화성시,화성시,화성시 효행구,봉담읍,와우리
4159025328,4159325028,4159325028,20260202,경기도,화성시,화성시,화성시 효행구,봉담읍,왕림리
4159025332,4159325032,4159325032,20260202,경기도,화성시,화성시,화성시 효행구,봉담읍,유리
4159025335,4159325035,4159325035,20260202,경기도,화성시,화성시,화성시 효행구,봉담읍,하가등리
4159032000,4159332000,4159332000,20260202,경기도,화성시,화성시,화성시 효행구,비봉면,
4159032025,4159332025,4159332025,20260202,경기도,화성시,화성시,화성시 효행구,비봉면,구포리
4159032022,4159332022,4159332022,20260202,경기도,화성시,화성시,화성시 효행구,비봉면,남전리
4159032024,4159332024,4159332024,20260202,경기도,화성시,화성시,화성시 효행구,비봉면,삼화리
4159032026,4159332026,4159332026,20260202,경기도,화성시,화성시,화성시 효행구,비봉면,쌍학리
4159032021,4159332021,4159332021,20260202,경기도,화성시,화성시,화성시 효행구,비봉면,양노리
4159032023,4159332023,4159332023,20260202,경기도,화성시,화성시,화성시 효행구,비봉면,유포리
4159032028,4159332028,4159332028,20260202,경기도,화성시,화성시,화성시 효행구,비봉면,자안리
4159032027,4159332027,4159332027,20260202,경기도,화성시,화성시,화성시 효행구,비봉면,청요리
4159013500,4159711000,4159711000,20260202,경기도,화성시,화성시,화성시 동탄구,산척동,
4159014000,4159110100,4159110100,20260202,경기도,화성시,화성시,화성시 만세구,새솔동,
4159035000,4159133000,4159133000,20260202,경기도,화성시,화성시,화성시 만세구,서신면,
4159035023,4159133023,4159133023,20260202,경기도,화성시,화성시,화성시 만세구,서신면,광평리
4159035031,4159133030,4159133030,20260202,경기도,화성시,화성시,화성시 만세구,서신면,궁평리
4159035029,4159133028,4159133028,20260202,경기도,화성시,화성시,화성시 만세구,서신면,매화리
4159035032,4159133031,4159133031,20260202,경기도,화성시,화성시,화성시 만세구,서신면,백미리
4159035033,4159133032,4159133032,20260202,경기도,화성시,화성시,화성시 만세구,서신면,사곶리
4159035022,4159133022,4159133022,20260202,경기도,화성시,화성시,화성시 만세구,서신면,상안리
4159035025,4159133025,4159133025,20260202,경기도,화성시,화성시,화성시 만세구,서신면,송교리
4159035030,4159133029,4159133029,20260202,경기도,화성시,화성시,화성시 만세구,서신면,용두리
4159035024,4159133024,4159133024,20260202,경기도,화성시,화성시,화성시 만세구,서신면,장외리
4159035021,4159133021,4159133021,20260202,경기도,화성시,화성시,화성시 만세구,서신면,전곡리
4159035026,4159133026,4159133026,20260202,경기도,화성시,화성시,화성시 만세구,서신면,제부리
4159035027,4159133027,4159133027,20260202,경기도,화성시,화성시,화성시 만세구,서신면,홍법리
4159012800,4159710300,4159710300,20260202,경기도,화성시,화성시,화성시 동탄구,석우동,
4159013700,4159711200,4159711200,20260202,경기도,화성시,화성시,화성시 동탄구,송동,
4159012500,4159510800,4159510800,20260202,경기도,화성시,화성시,화성시 병점구,송산동,
4159034000,4159132000,4159132000,20260202,경기도,화성시,화성시,화성시 만세구,송산면,
4159034025,4159132025,4159132025,20260202,경기도,화성시,화성시,화성시 만세구,송산면,고정리
4159034031,4159132031,4159132031,20260202,경기도,화성시,화성시,화성시 만세구,송산면,고포리
4159034029,4159132029,4159132029,20260202,경기도,화성시,화성시,화성시 만세구,송산면,독지리
4159034030,4159132030,4159132030,20260202,경기도,화성시,화성시,화성시 만세구,송산면,마산리
4159034022,4159132022,4159132022,20260202,경기도,화성시,화성시,화성시 만세구,송산면,봉가리
4159034021,4159132021,4159132021,20260202,경기도,화성시,화성시,화성시 만세구,송산면,사강리
4159034023,4159132023,4159132023,20260202,경기도,화성시,화성시,화성시 만세구,송산면,삼존리
4159034028,4159132028,4159132028,20260202,경기도,화성시,화성시,화성시 만세구,송산면,신천리
4159034026,4159132026,4159132026,20260202,경기도,화성시,화성시,화성시 만세구,송산면,쌍정리
4159034024,4159132024,4159132024,20260202,경기도,화성시,화성시,화성시 만세구,송산면,용포리
4159034034,4159132034,4159132034,20260202,경기도,화성시,화성시,화성시 만세구,송산면,육일리
4159034033,4159132033,4159132033,20260202,경기도,화성시,화성시,화성시 만세구,송산면,중송리
4159034032,4159132032,4159132032,20260202,경기도,화성시,화성시,화성시 만세구,송산면,지화리
4159034027,4159132027,4159132027,20260202,경기도,화성시,화성시,화성시 만세구,송산면,천등리
4159034035,4159132035,4159132035,20260202,경기도,화성시,화성시,화성시 만세구,송산면,칠곡리
4159013300,4159710800,4159710800,20260202,경기도,화성시,화성시,화성시 동탄구,신동,
4159012600,4159510900,4159510900,20260202,경기도,화성시,화성시,화성시 병점구,안녕동,
4159040000,4159136000,4159136000,20260202,경기도,화성시,화성시,화성시 만세구,양감면,
4159040027,4159136027,4159136027,20260202,경기도,화성시,화성시,화성시 만세구,양감면,대양리
4159040022,4159136022,4159136022,20260202,경기도,화성시,화성시,화성시 만세구,양감면,사창리
4159040024,4159136024,4159136024,20260202,경기도,화성시,화성시,화성시 만세구,양감면,송산리
4159040021,4159136021,4159136021,20260202,경기도,화성시,화성시,화성시 만세구,양감면,신왕리
4159040026,4159136026,4159136026,20260202,경기도,화성시,화성시,화성시 만세구,양감면,요당리
4159040025,4159136025,4159136025,20260202,경기도,화성시,화성시,화성시 만세구,양감면,용소리
4159040023,4159136023,4159136023,20260202,경기도,화성시,화성시,화성시 만세구,양감면,정문리
4159013100,4159710600,4159710600,20260202,경기도,화성시,화성시,화성시 동탄구,영천동,
4159012900,4159710400,,20260202,경기도,화성시,화성시,화성시 동탄구,오산동,
4159025600,4159125000,4159125000,20260202,경기도,화성시,화성시,화성시 만세구,우정읍,
4159025633,4159125033,4159125033,20260202,경기도,화성시,화성시,화성시 만세구,우정읍,국화리
4159025630,4159125030,4159125030,20260202,경기도,화성시,화성시,화성시 만세구,우정읍,매향리
4159025625,4159125025,4159125025,20260202,경기도,화성시,화성시,화성시 만세구,우정읍,멱우리
4159025629,4159125029,4159125029,20260202,경기도,화성시,화성시,화성시 만세구,우정읍,석천리
4159025623,4159125023,4159125023,20260202,경기도,화성시,화성시,화성시 만세구,우정읍,운평리
4159025621,4159125021,4159125021,20260202,경기도,화성시,화성시,화성시 만세구,우정읍,원안리
4159025628,4159125028,4159125028,20260202,경기도,화성시,화성시,화성시 만세구,우정읍,이화리
4159025632,4159125032,4159125032,20260202,경기도,화성시,화성시,화성시 만세구,우정읍,조암리
4159025627,4159125027,4159125027,20260202,경기도,화성시,화성시,화성시 만세구,우정읍,주곡리
4159025624,4159125024,4159125024,20260202,경기도,화성시,화성시,화성시 만세구,우정읍,한각리
4159025622,4159125022,4159125022,20260202,경기도,화성시,화성시,화성시 만세구,우정읍,호곡리
4159025631,4159125031,4159125031,20260202,경기도,화성시,화성시,화성시 만세구,우정읍,화산리
4159025626,4159125026,4159125026,20260202,경기도,화성시,화성시,화성시 만세구,우정읍,화수리
4159037000,4159135000,4159135000,20260202,경기도,화성시,화성시,화성시 만세구,장안면,
4159037028,4159135028,4159135028,20260202,경기도,화성시,화성시,화성시 만세구,장안면,금의리
4159037030,4159135030,4159135030,20260202,경기도,화성시,화성시,화성시 만세구,장안면,노진리
4159037026,4159135026,4159135026,20260202,경기도,화성시,화성시,화성시 만세구,장안면,덕다리
4159037024,4159135024,4159135024,20260202,경기도,화성시,화성시,화성시 만세구,장안면,독정리
4159037029,4159135029,4159135029,20260202,경기도,화성시,화성시,화성시 만세구,장안면,사곡리
4159037027,4159135027,4159135027,20260202,경기도,화성시,화성시,화성시 만세구,장안면,사랑리
4159037022,4159135022,4159135022,20260202,경기도,화성시,화성시,화성시 만세구,장안면,석포리
4159037023,4159135023,4159135023,20260202,경기도,화성시,화성시,화성시 만세구,장안면,수촌리
4159037021,4159135021,4159135021,20260202,경기도,화성시,화성시,화성시 만세구,장안면,어은리
4159037025,4159135025,4159135025,20260202,경기도,화성시,화성시,화성시 만세구,장안면,장안리
4159013600,4159711100,4159711100,20260202,경기도,화성시,화성시,화성시 동탄구,장지동,
4159041000,4159333000,4159333000,20260202,경기도,화성시,화성시,화성시 효행구,정남면,
4159041029,4159333029,4159333029,20260202,경기도,화성시,화성시,화성시 효행구,정남면,계향리
4159041038,4159333038,4159333038,20260202,경기도,화성시,화성시,화성시 효행구,정남면,고지리
4159041024,4159333024,4159333024,20260202,경기도,화성시,화성시,화성시 효행구,정남면,관항리
4159041022,4159333022,4159333022,20260202,경기도,화성시,화성시,화성시 효행구,정남면,괘랑리
4159041030,4159333030,4159333030,20260202,경기도,화성시,화성시,화성시 효행구,정남면,귀래리
4159041037,4159333037,4159333037,20260202,경기도,화성시,화성시,화성시 효행구,정남면,금복리
4159041036,4159333036,4159333036,20260202,경기도,화성시,화성시,화성시 효행구,정남면,내리
4159041032,4159333032,4159333032,20260202,경기도,화성시,화성시,화성시 효행구,정남면,덕절리
4159041034,4159333034,4159333034,20260202,경기도,화성시,화성시,화성시 효행구,정남면,망월리
4159041027,4159333027,4159333027,20260202,경기도,화성시,화성시,화성시 효행구,정남면,문학리
4159041021,4159333021,4159333021,20260202,경기도,화성시,화성시,화성시 효행구,정남면,발산리
4159041026,4159333026,4159333026,20260202,경기도,화성시,화성시,화성시 효행구,정남면,백리
4159041023,4159333023,4159333023,20260202,경기도,화성시,화성시,화성시 효행구,정남면,보통리
4159041035,4159333035,4159333035,20260202,경기도,화성시,화성시,화성시 효행구,정남면,수면리
4159041028,4159333028,4159333028,20260202,경기도,화성시,화성시,화성시 효행구,정남면,신리
4159041025,4159333025,4159333025,20260202,경기도,화성시,화성시,화성시 효행구,정남면,오일리
4159041039,4159333039,4159333039,20260202,경기도,화성시,화성시,화성시 효행구,정남면,용수리
4159041033,4159333033,4159333033,20260202,경기도,화성시,화성시,화성시 효행구,정남면,음양리
4159041031,4159333031,4159333031,20260202,경기도,화성시,화성시,화성시 효행구,정남면,제기리
4159013200,4159710700,4159710700,20260202,경기도,화성시,화성시,화성시 동탄구,중동,
4159011600,4159510100,4159510100,20260202,경기도,화성시,화성시,화성시 병점구,진안동,
4159013000,4159710500,4159710500,20260202,경기도,화성시,화성시,화성시 동탄구,청계동,
4159036000,4159134000,4159134000,20260202,경기도,화성시,화성시,화성시 만세구,팔탄면,
4159036024,4159134024,4159134024,20260202,경기도,화성시,화성시,화성시 만세구,팔탄면,가재리
4159036034,4159134034,4159134034,20260202,경기도,화성시,화성시,화성시 만세구,팔탄면,고주리
4159036025,4159134025,4159134025,20260202,경기도,화성시,화성시,화성시 만세구,팔탄면,구장리
4159036023,4159134023,4159134023,20260202,경기도,화성시,화성시,화성시 만세구,팔탄면,기천리
4159036027,4159134027,4159134027,20260202,경기도,화성시,화성시,화성시 만세구,팔탄면,노하리
4159036030,4159134030,4159134030,20260202,경기도,화성시,화성시,화성시 만세구,팔탄면,덕우리
4159036028,4159134028,4159134028,20260202,경기도,화성시,화성시,화성시 만세구,팔탄면,덕천리
4159036035,4159134035,4159134035,20260202,경기도,화성시,화성시,화성시 만세구,팔탄면,매곡리
4159036031,4159134031,4159134031,20260202,경기도,화성시,화성시,화성시 만세구,팔탄면,서근리
4159036032,4159134032,4159134032,20260202,경기도,화성시,화성시,화성시 만세구,팔탄면,월문리
4159036026,4159134026,4159134026,20260202,경기도,화성시,화성시,화성시 만세구,팔탄면,율암리
4159036029,4159134029,4159134029,20260202,경기도,화성시,화성시,화성시 만세구,팔탄면,지월리
4159036022,4159134022,4159134022,20260202,경기도,화성시,화성시,화성시 만세구,팔탄면,창곡리
4159036021,4159134021,4159134021,20260202,경기도,화성시,화성시,화성시 만세구,팔탄면,하저리
4159036036,4159134036,4159134036,20260202,경기도,화성시,화성시,화성시 만세구,팔탄면,해창리
4159036033,4159134033,4159134033,20260202,경기도,화성시,화성시,화성시 만세구,팔탄면,화당리
4159025900,4159125300,4159125300,20260202,경기도,화성시,화성시,화성시 만세구,향남읍,
4159025937,4159125337,4159125337,20260202,경기도,화성시,화성시,화성시 만세구,향남읍,관리
4159025925,4159125325,4159125325,20260202,경기도,화성시,화성시,화성시 만세구,향남읍,구문천리
4159025930,4159125330,4159125330,20260202,경기도,화성시,화성시,화성시 만세구,향남읍,길성리
4159025938,4159125338,4159125338,20260202,경기도,화성시,화성시,화성시 만세구,향남읍,도이리
4159025936,4159125336,4159125336,20260202,경기도,화성시,화성시,화성시 만세구,향남읍,동오리
4159025922,4159125322,4159125322,20260202,경기도,화성시,화성시,화성시 만세구,향남읍,발안리
4159025940,4159125340,4159125340,20260202,경기도,화성시,화성시,화성시 만세구,향남읍,방축리
4159025929,4159125329,4159125329,20260202,경기도,화성시,화성시,화성시 만세구,향남읍,백토리
4159025928,4159125328,4159125328,20260202,경기도,화성시,화성시,화성시 만세구,향남읍,상두리
4159025924,4159125324,4159125324,20260202,경기도,화성시,화성시,화성시 만세구,향남읍,상신리
4159025935,4159125335,4159125335,20260202,경기도,화성시,화성시,화성시 만세구,향남읍,송곡리
4159025932,4159125332,4159125332,20260202,경기도,화성시,화성시,화성시 만세구,향남읍,수직리
4159025931,4159125331,4159125331,20260202,경기도,화성시,화성시,화성시 만세구,향남읍,요리
4159025941,4159125341,4159125341,20260202,경기도,화성시,화성시,화성시 만세구,향남읍,장짐리
4159025923,4159125323,4159125323,20260202,경기도,화성시,화성시,화성시 만세구,향남읍,제암리
4159025934,4159125334,4159125334,20260202,경기도,화성시,화성시,화성시 만세구,향남읍,증거리
4159025921,4159125321,4159125321,20260202,경기도,화성시,화성시,화성시 만세구,향남읍,평리
4159025926,4159125326,4159125326,20260202,경기도,화성시,화성시,화성시 만세구,향남읍,하길리
4159025939,4159125339,4159125339,20260202,경기도,화성시,화성시,화성시 만세구,향남읍,행정리
4159025927,4159125327,4159125327,20260202,경기도,화성시,화성시,화성시 만세구,향남읍,화리현리
4159012200,4159510700,4159510700,20260202,경기도,화성시,화성시,화성시 병점구,황계동,
