lawd_cd,name,metro,year_month,has_rent,tx_trade_count
30110,"동구",daejeon,201905,0,0
30110,"동구",daejeon,202110,0,0
30110,"동구",daejeon,202111,0,0
30110,"동구",daejeon,202112,0,0
30110,"동구",daejeon,202201,0,0
30110,"동구",daejeon,202202,0,0
30110,"동구",daejeon,202203,0,0
30110,"동구",daejeon,202204,0,0
30110,"동구",daejeon,202205,0,0
30110,"동구",daejeon,202206,0,0
30110,"동구",daejeon,202207,0,0
30110,"동구",daejeon,202208,0,0
30110,"동구",daejeon,202209,0,0
30110,"동구",daejeon,202210,1,0
30110,"동구",daejeon,202211,1,0
30110,"동구",daejeon,202212,1,0
30140,"중구",daejeon,201906,0,0
30140,"중구",daejeon,202110,0,0
30140,"중구",daejeon,202111,0,0
30140,"중구",daejeon,202112,0,0
30140,"중구",daejeon,202201,0,0
30140,"중구",daejeon,202202,0,0
30140,"중구",daejeon,202203,0,0
30140,"중구",daejeon,202204,0,0
30140,"중구",daejeon,202205,0,0
30140,"중구",daejeon,202206,0,0
30140,"중구",daejeon,202207,0,0
30140,"중구",daejeon,202208,0,0
30140,"중구",daejeon,202209,0,0
30140,"중구",daejeon,202210,1,0
30140,"중구",daejeon,202211,1,0
30140,"중구",daejeon,202212,1,0
30170,"서구",daejeon,202110,0,0
30170,"서구",daejeon,202111,0,0
30170,"서구",daejeon,202112,0,0
30170,"서구",daejeon,202201,0,0
30170,"서구",daejeon,202202,0,0
30170,"서구",daejeon,202203,0,0
30170,"서구",daejeon,202204,0,0
30170,"서구",daejeon,202205,0,0
30170,"서구",daejeon,202206,0,0
30170,"서구",daejeon,202207,0,0
30170,"서구",daejeon,202208,0,0
30170,"서구",daejeon,202209,0,0
30170,"서구",daejeon,202210,1,0
30170,"서구",daejeon,202211,1,0
30170,"서구",daejeon,202212,1,0
30200,"유성구",daejeon,202110,0,0
30200,"유성구",daejeon,202111,0,0
30200,"유성구",daejeon,202112,0,0
30200,"유성구",daejeon,202201,0,0
30200,"유성구",daejeon,202202,0,0
30200,"유성구",daejeon,202203,0,0
30200,"유성구",daejeon,202204,0,0
30200,"유성구",daejeon,202205,0,0
30200,"유성구",daejeon,202206,0,0
30200,"유성구",daejeon,202207,0,0
30200,"유성구",daejeon,202208,0,0
30200,"유성구",daejeon,202209,0,0
30200,"유성구",daejeon,202210,1,0
30200,"유성구",daejeon,202211,1,0
30200,"유성구",daejeon,202212,1,0
30230,"대덕구",daejeon,202110,0,0
30230,"대덕구",daejeon,202111,0,0
30230,"대덕구",daejeon,202112,0,0
30230,"대덕구",daejeon,202201,0,0
30230,"대덕구",daejeon,202202,0,0
30230,"대덕구",daejeon,202203,0,0
30230,"대덕구",daejeon,202204,0,0
30230,"대덕구",daejeon,202205,0,0
30230,"대덕구",daejeon,202206,0,0
30230,"대덕구",daejeon,202207,0,0
30230,"대덕구",daejeon,202208,0,0
30230,"대덕구",daejeon,202209,0,0
30230,"대덕구",daejeon,202210,1,0
30230,"대덕구",daejeon,202211,1,0
30230,"대덕구",daejeon,202212,1,0
41150,"의정부시",gyeonggi,202301,1,0
41150,"의정부시",gyeonggi,202302,1,0
41150,"의정부시",gyeonggi,202303,1,0
41150,"의정부시",gyeonggi,202304,1,0
41150,"의정부시",gyeonggi,202305,1,0
41150,"의정부시",gyeonggi,202306,1,0
41150,"의정부시",gyeonggi,202307,1,0
41150,"의정부시",gyeonggi,202308,1,0
41150,"의정부시",gyeonggi,202309,1,0
41150,"의정부시",gyeonggi,202310,1,0
41150,"의정부시",gyeonggi,202311,1,0
41150,"의정부시",gyeonggi,202312,1,0
41150,"의정부시",gyeonggi,202401,1,0
41150,"의정부시",gyeonggi,202402,1,0
41150,"의정부시",gyeonggi,202403,1,0
41150,"의정부시",gyeonggi,202404,1,0
41150,"의정부시",gyeonggi,202405,1,0
41150,"의정부시",gyeonggi,202406,1,0
41150,"의정부시",gyeonggi,202407,1,0
41150,"의정부시",gyeonggi,202408,1,0
41150,"의정부시",gyeonggi,202409,1,0
41150,"의정부시",gyeonggi,202410,1,0
41150,"의정부시",gyeonggi,202411,1,0
41150,"의정부시",gyeonggi,202412,1,0
41150,"의정부시",gyeonggi,202501,1,0
41150,"의정부시",gyeonggi,202502,1,0
41150,"의정부시",gyeonggi,202503,1,0
41150,"의정부시",gyeonggi,202504,1,0
41150,"의정부시",gyeonggi,202505,1,0
41150,"의정부시",gyeonggi,202506,1,0
41150,"의정부시",gyeonggi,202507,1,0
41150,"의정부시",gyeonggi,202508,1,0
41150,"의정부시",gyeonggi,202509,1,0
41150,"의정부시",gyeonggi,202510,1,0
41150,"의정부시",gyeonggi,202511,1,0
41150,"의정부시",gyeonggi,202512,1,0
41150,"의정부시",gyeonggi,202601,1,0
41150,"의정부시",gyeonggi,202602,1,0
41150,"의정부시",gyeonggi,202603,1,0
41150,"의정부시",gyeonggi,202604,1,0
41150,"의정부시",gyeonggi,202605,1,0
41210,"광명시",gyeonggi,202301,1,0
41210,"광명시",gyeonggi,202302,1,0
41210,"광명시",gyeonggi,202303,1,0
41210,"광명시",gyeonggi,202304,1,0
41210,"광명시",gyeonggi,202305,1,0
41210,"광명시",gyeonggi,202306,1,0
41210,"광명시",gyeonggi,202307,1,0
41210,"광명시",gyeonggi,202308,1,0
41210,"광명시",gyeonggi,202309,1,0
41210,"광명시",gyeonggi,202310,1,0
41210,"광명시",gyeonggi,202311,1,0
41210,"광명시",gyeonggi,202312,1,0
41210,"광명시",gyeonggi,202401,1,0
41210,"광명시",gyeonggi,202402,1,0
41210,"광명시",gyeonggi,202403,1,0
41210,"광명시",gyeonggi,202404,1,0
41210,"광명시",gyeonggi,202405,1,0
41210,"광명시",gyeonggi,202406,1,0
41210,"광명시",gyeonggi,202407,1,0
41210,"광명시",gyeonggi,202408,1,0
41210,"광명시",gyeonggi,202409,1,0
41210,"광명시",gyeonggi,202410,1,0
41210,"광명시",gyeonggi,202411,1,0
41210,"광명시",gyeonggi,202412,1,0
41210,"광명시",gyeonggi,202501,1,0
41210,"광명시",gyeonggi,202502,1,0
41210,"광명시",gyeonggi,202503,1,0
41210,"광명시",gyeonggi,202504,1,0
41210,"광명시",gyeonggi,202505,1,0
41210,"광명시",gyeonggi,202506,1,0
41210,"광명시",gyeonggi,202507,1,0
41210,"광명시",gyeonggi,202508,1,0
41210,"광명시",gyeonggi,202509,1,0
41210,"광명시",gyeonggi,202510,1,0
41210,"광명시",gyeonggi,202511,1,0
41210,"광명시",gyeonggi,202512,1,0
41210,"광명시",gyeonggi,202601,1,0
41210,"광명시",gyeonggi,202602,1,0
41210,"광명시",gyeonggi,202603,1,0
41210,"광명시",gyeonggi,202604,1,0
41210,"광명시",gyeonggi,202605,1,0
41220,"평택시",gyeonggi,202301,1,0
41220,"평택시",gyeonggi,202302,1,0
41220,"평택시",gyeonggi,202303,1,0
41220,"평택시",gyeonggi,202304,1,0
41220,"평택시",gyeonggi,202305,1,0
41220,"평택시",gyeonggi,202306,1,0
41220,"평택시",gyeonggi,202307,1,0
41220,"평택시",gyeonggi,202308,1,0
41220,"평택시",gyeonggi,202309,1,0
41220,"평택시",gyeonggi,202310,1,0
41220,"평택시",gyeonggi,202311,1,0
41220,"평택시",gyeonggi,202312,1,0
41220,"평택시",gyeonggi,202401,1,0
41220,"평택시",gyeonggi,202402,1,0
41220,"평택시",gyeonggi,202403,1,0
41220,"평택시",gyeonggi,202404,1,0
41220,"평택시",gyeonggi,202405,1,0
41220,"평택시",gyeonggi,202406,1,0
41220,"평택시",gyeonggi,202407,1,0
41220,"평택시",gyeonggi,202408,1,0
41220,"평택시",gyeonggi,202409,1,0
41220,"평택시",gyeonggi,202410,1,0
41220,"평택시",gyeonggi,202411,1,0
41220,"평택시",gyeonggi,202412,1,0
41220,"평택시",gyeonggi,202501,1,0
41220,"평택시",gyeonggi,202502,1,0
41220,"평택시",gyeonggi,202503,1,0
41220,"평택시",gyeonggi,202504,1,0
41220,"평택시",gyeonggi,202505,1,0
41220,"평택시",gyeonggi,202506,1,0
41220,"평택시",gyeonggi,202507,1,0
41220,"평택시",gyeonggi,202508,1,0
41220,"평택시",gyeonggi,202509,1,0
41220,"평택시",gyeonggi,202510,1,0
41220,"평택시",gyeonggi,202511,1,0
41220,"평택시",gyeonggi,202512,1,0
41220,"평택시",gyeonggi,202601,1,0
41220,"평택시",gyeonggi,202602,1,0
41220,"평택시",gyeonggi,202603,1,0
41220,"평택시",gyeonggi,202604,1,0
41220,"평택시",gyeonggi,202605,1,0
41250,"동두천시",gyeonggi,202301,1,0
41250,"동두천시",gyeonggi,202302,1,0
41250,"동두천시",gyeonggi,202303,1,0
41250,"동두천시",gyeonggi,202304,1,0
41250,"동두천시",gyeonggi,202305,1,0
41250,"동두천시",gyeonggi,202306,1,0
41250,"동두천시",gyeonggi,202307,1,0
41250,"동두천시",gyeonggi,202308,1,0
41250,"동두천시",gyeonggi,202309,1,0
41250,"동두천시",gyeonggi,202310,1,0
41250,"동두천시",gyeonggi,202311,1,0
41250,"동두천시",gyeonggi,202312,1,0
41250,"동두천시",gyeonggi,202401,1,0
41250,"동두천시",gyeonggi,202402,1,0
41250,"동두천시",gyeonggi,202403,1,0
41250,"동두천시",gyeonggi,202404,1,0
41250,"동두천시",gyeonggi,202405,1,0
41250,"동두천시",gyeonggi,202406,1,0
41250,"동두천시",gyeonggi,202407,1,0
41250,"동두천시",gyeonggi,202408,1,0
41250,"동두천시",gyeonggi,202409,1,0
41250,"동두천시",gyeonggi,202410,1,0
41250,"동두천시",gyeonggi,202411,1,0
41250,"동두천시",gyeonggi,202412,1,0
41250,"동두천시",gyeonggi,202501,1,0
41250,"동두천시",gyeonggi,202502,1,0
41250,"동두천시",gyeonggi,202503,1,0
41250,"동두천시",gyeonggi,202504,1,0
41250,"동두천시",gyeonggi,202505,1,0
41250,"동두천시",gyeonggi,202506,1,0
41250,"동두천시",gyeonggi,202507,1,0
41250,"동두천시",gyeonggi,202508,1,0
41250,"동두천시",gyeonggi,202509,1,0
41250,"동두천시",gyeonggi,202510,1,0
41250,"동두천시",gyeonggi,202511,1,0
41250,"동두천시",gyeonggi,202512,1,0
41250,"동두천시",gyeonggi,202601,1,0
41250,"동두천시",gyeonggi,202602,1,0
41250,"동두천시",gyeonggi,202603,1,0
41250,"동두천시",gyeonggi,202604,1,0
41250,"동두천시",gyeonggi,202605,1,0
41271,"안산시 상록구",gyeonggi,202301,1,0
41271,"안산시 상록구",gyeonggi,202302,1,0
41271,"안산시 상록구",gyeonggi,202303,1,0
41271,"안산시 상록구",gyeonggi,202304,1,0
41271,"안산시 상록구",gyeonggi,202305,1,0
41271,"안산시 상록구",gyeonggi,202306,1,0
41271,"안산시 상록구",gyeonggi,202307,1,0
41271,"안산시 상록구",gyeonggi,202308,1,0
41271,"안산시 상록구",gyeonggi,202309,1,0
41271,"안산시 상록구",gyeonggi,202310,1,0
41271,"안산시 상록구",gyeonggi,202311,1,0
41271,"안산시 상록구",gyeonggi,202312,1,0
41271,"안산시 상록구",gyeonggi,202401,1,0
41271,"안산시 상록구",gyeonggi,202402,1,0
41271,"안산시 상록구",gyeonggi,202403,1,0
41271,"안산시 상록구",gyeonggi,202404,1,0
41271,"안산시 상록구",gyeonggi,202405,1,0
41271,"안산시 상록구",gyeonggi,202406,1,0
41271,"안산시 상록구",gyeonggi,202407,1,0
41271,"안산시 상록구",gyeonggi,202408,1,0
41271,"안산시 상록구",gyeonggi,202409,1,0
41271,"안산시 상록구",gyeonggi,202410,1,0
41271,"안산시 상록구",gyeonggi,202411,1,0
41271,"안산시 상록구",gyeonggi,202412,1,0
41271,"안산시 상록구",gyeonggi,202501,1,0
41271,"안산시 상록구",gyeonggi,202502,1,0
41271,"안산시 상록구",gyeonggi,202503,1,0
41271,"안산시 상록구",gyeonggi,202504,1,0
41271,"안산시 상록구",gyeonggi,202505,1,0
41271,"안산시 상록구",gyeonggi,202506,1,0
41271,"안산시 상록구",gyeonggi,202507,1,0
41271,"안산시 상록구",gyeonggi,202508,1,0
41271,"안산시 상록구",gyeonggi,202509,1,0
41271,"안산시 상록구",gyeonggi,202510,1,0
41271,"안산시 상록구",gyeonggi,202511,1,0
41271,"안산시 상록구",gyeonggi,202512,1,0
41271,"안산시 상록구",gyeonggi,202601,1,0
41271,"안산시 상록구",gyeonggi,202602,1,0
41271,"안산시 상록구",gyeonggi,202603,1,0
41271,"안산시 상록구",gyeonggi,202604,1,0
41271,"안산시 상록구",gyeonggi,202605,1,0
41273,"안산시 단원구",gyeonggi,202301,1,0
41273,"안산시 단원구",gyeonggi,202302,1,0
41273,"안산시 단원구",gyeonggi,202303,1,0
41273,"안산시 단원구",gyeonggi,202304,1,0
41273,"안산시 단원구",gyeonggi,202305,1,0
41273,"안산시 단원구",gyeonggi,202306,1,0
41273,"안산시 단원구",gyeonggi,202307,1,0
41273,"안산시 단원구",gyeonggi,202308,1,0
41273,"안산시 단원구",gyeonggi,202309,1,0
41273,"안산시 단원구",gyeonggi,202310,1,0
41273,"안산시 단원구",gyeonggi,202311,1,0
41273,"안산시 단원구",gyeonggi,202312,1,0
41273,"안산시 단원구",gyeonggi,202401,1,0
41273,"안산시 단원구",gyeonggi,202402,1,0
41273,"안산시 단원구",gyeonggi,202403,1,0
41273,"안산시 단원구",gyeonggi,202404,1,0
41273,"안산시 단원구",gyeonggi,202405,1,0
41273,"안산시 단원구",gyeonggi,202406,1,0
41273,"안산시 단원구",gyeonggi,202407,1,0
41273,"안산시 단원구",gyeonggi,202408,1,0
41273,"안산시 단원구",gyeonggi,202409,1,0
41273,"안산시 단원구",gyeonggi,202410,1,0
41273,"안산시 단원구",gyeonggi,202411,1,0
41273,"안산시 단원구",gyeonggi,202412,1,0
41273,"안산시 단원구",gyeonggi,202501,1,0
41273,"안산시 단원구",gyeonggi,202502,1,0
41273,"안산시 단원구",gyeonggi,202503,1,0
41273,"안산시 단원구",gyeonggi,202504,1,0
41273,"안산시 단원구",gyeonggi,202505,1,0
41273,"안산시 단원구",gyeonggi,202506,1,0
41273,"안산시 단원구",gyeonggi,202507,1,0
41273,"안산시 단원구",gyeonggi,202508,1,0
41273,"안산시 단원구",gyeonggi,202509,1,0
41273,"안산시 단원구",gyeonggi,202510,1,0
41273,"안산시 단원구",gyeonggi,202511,1,0
41273,"안산시 단원구",gyeonggi,202512,1,0
41273,"안산시 단원구",gyeonggi,202601,1,0
41273,"안산시 단원구",gyeonggi,202602,1,0
41273,"안산시 단원구",gyeonggi,202603,1,0
41273,"안산시 단원구",gyeonggi,202604,1,0
41273,"안산시 단원구",gyeonggi,202605,1,0
41290,"과천시",gyeonggi,202301,1,0
41290,"과천시",gyeonggi,202302,1,0
41290,"과천시",gyeonggi,202303,1,0
41290,"과천시",gyeonggi,202304,1,0
41290,"과천시",gyeonggi,202305,1,0
41290,"과천시",gyeonggi,202306,1,0
41290,"과천시",gyeonggi,202307,1,0
41290,"과천시",gyeonggi,202308,1,0
41290,"과천시",gyeonggi,202309,1,0
41290,"과천시",gyeonggi,202310,1,0
41290,"과천시",gyeonggi,202311,1,0
41290,"과천시",gyeonggi,202312,1,0
41290,"과천시",gyeonggi,202401,1,0
41290,"과천시",gyeonggi,202402,1,0
41290,"과천시",gyeonggi,202403,1,0
41290,"과천시",gyeonggi,202404,1,0
41290,"과천시",gyeonggi,202405,1,0
41290,"과천시",gyeonggi,202406,1,0
41290,"과천시",gyeonggi,202407,1,0
41290,"과천시",gyeonggi,202408,1,0
41290,"과천시",gyeonggi,202409,1,0
41290,"과천시",gyeonggi,202410,1,0
41290,"과천시",gyeonggi,202411,1,0
41290,"과천시",gyeonggi,202412,1,0
41290,"과천시",gyeonggi,202501,1,0
41290,"과천시",gyeonggi,202502,1,0
41290,"과천시",gyeonggi,202503,1,0
41290,"과천시",gyeonggi,202504,1,0
41290,"과천시",gyeonggi,202505,1,0
41290,"과천시",gyeonggi,202506,1,0
41290,"과천시",gyeonggi,202507,1,0
41290,"과천시",gyeonggi,202508,1,0
41290,"과천시",gyeonggi,202509,1,0
41290,"과천시",gyeonggi,202510,1,0
41290,"과천시",gyeonggi,202511,1,0
41290,"과천시",gyeonggi,202512,1,0
41290,"과천시",gyeonggi,202601,1,0
41290,"과천시",gyeonggi,202602,1,0
41290,"과천시",gyeonggi,202603,1,0
41290,"과천시",gyeonggi,202604,1,0
41290,"과천시",gyeonggi,202605,1,0
41310,"구리시",gyeonggi,202301,1,0
41310,"구리시",gyeonggi,202302,1,0
41310,"구리시",gyeonggi,202303,1,0
41310,"구리시",gyeonggi,202304,1,0
41310,"구리시",gyeonggi,202305,1,0
41310,"구리시",gyeonggi,202306,1,0
41310,"구리시",gyeonggi,202307,1,0
41310,"구리시",gyeonggi,202308,1,0
41310,"구리시",gyeonggi,202309,1,0
41310,"구리시",gyeonggi,202310,1,0
41310,"구리시",gyeonggi,202311,1,0
41310,"구리시",gyeonggi,202312,1,0
41310,"구리시",gyeonggi,202401,1,0
41310,"구리시",gyeonggi,202402,1,0
41310,"구리시",gyeonggi,202403,1,0
41310,"구리시",gyeonggi,202404,1,0
41310,"구리시",gyeonggi,202405,1,0
41310,"구리시",gyeonggi,202406,1,0
41310,"구리시",gyeonggi,202407,1,0
41310,"구리시",gyeonggi,202408,1,0
41310,"구리시",gyeonggi,202409,1,0
41310,"구리시",gyeonggi,202410,1,0
41310,"구리시",gyeonggi,202411,1,0
41310,"구리시",gyeonggi,202412,1,0
41310,"구리시",gyeonggi,202501,1,0
41310,"구리시",gyeonggi,202502,1,0
41310,"구리시",gyeonggi,202503,1,0
41310,"구리시",gyeonggi,202504,1,0
41310,"구리시",gyeonggi,202505,1,0
41310,"구리시",gyeonggi,202506,1,0
41310,"구리시",gyeonggi,202507,1,0
41310,"구리시",gyeonggi,202508,1,0
41310,"구리시",gyeonggi,202509,1,0
41310,"구리시",gyeonggi,202510,1,0
41310,"구리시",gyeonggi,202511,1,0
41310,"구리시",gyeonggi,202512,1,0
41310,"구리시",gyeonggi,202601,1,0
41310,"구리시",gyeonggi,202602,1,0
41310,"구리시",gyeonggi,202603,1,0
41310,"구리시",gyeonggi,202604,1,0
41310,"구리시",gyeonggi,202605,1,0
41360,"남양주시",gyeonggi,202301,1,0
41360,"남양주시",gyeonggi,202302,1,0
41360,"남양주시",gyeonggi,202303,1,0
41360,"남양주시",gyeonggi,202304,1,0
41360,"남양주시",gyeonggi,202305,1,0
41360,"남양주시",gyeonggi,202306,1,0
41360,"남양주시",gyeonggi,202307,1,0
41360,"남양주시",gyeonggi,202308,1,0
41360,"남양주시",gyeonggi,202309,1,0
41360,"남양주시",gyeonggi,202310,1,0
41360,"남양주시",gyeonggi,202311,1,0
41360,"남양주시",gyeonggi,202312,1,0
41360,"남양주시",gyeonggi,202401,1,0
41360,"남양주시",gyeonggi,202402,1,0
41360,"남양주시",gyeonggi,202403,1,0
41360,"남양주시",gyeonggi,202404,1,0
41360,"남양주시",gyeonggi,202405,1,0
41360,"남양주시",gyeonggi,202406,1,0
41360,"남양주시",gyeonggi,202407,1,0
41360,"남양주시",gyeonggi,202408,1,0
41360,"남양주시",gyeonggi,202409,1,0
41360,"남양주시",gyeonggi,202410,1,0
41360,"남양주시",gyeonggi,202411,1,0
41360,"남양주시",gyeonggi,202412,1,0
41360,"남양주시",gyeonggi,202501,1,0
41360,"남양주시",gyeonggi,202502,1,0
41360,"남양주시",gyeonggi,202503,1,0
41360,"남양주시",gyeonggi,202504,1,0
41360,"남양주시",gyeonggi,202505,1,0
41360,"남양주시",gyeonggi,202506,1,0
41360,"남양주시",gyeonggi,202507,1,0
41360,"남양주시",gyeonggi,202508,1,0
41360,"남양주시",gyeonggi,202509,1,0
41360,"남양주시",gyeonggi,202510,1,0
41360,"남양주시",gyeonggi,202511,1,0
41360,"남양주시",gyeonggi,202512,1,0
41360,"남양주시",gyeonggi,202601,1,0
41360,"남양주시",gyeonggi,202602,1,0
41360,"남양주시",gyeonggi,202603,1,0
41360,"남양주시",gyeonggi,202604,1,0
41360,"남양주시",gyeonggi,202605,1,0
41390,"시흥시",gyeonggi,202301,1,0
41390,"시흥시",gyeonggi,202302,1,0
41390,"시흥시",gyeonggi,202303,1,0
41390,"시흥시",gyeonggi,202304,1,0
41390,"시흥시",gyeonggi,202305,1,0
41390,"시흥시",gyeonggi,202306,1,0
41390,"시흥시",gyeonggi,202307,1,0
41390,"시흥시",gyeonggi,202308,1,0
41390,"시흥시",gyeonggi,202309,1,0
41390,"시흥시",gyeonggi,202310,1,0
41390,"시흥시",gyeonggi,202311,1,0
41390,"시흥시",gyeonggi,202312,1,0
41390,"시흥시",gyeonggi,202401,1,0
41390,"시흥시",gyeonggi,202402,1,0
41390,"시흥시",gyeonggi,202403,1,0
41390,"시흥시",gyeonggi,202404,1,0
41390,"시흥시",gyeonggi,202405,1,0
41390,"시흥시",gyeonggi,202406,1,0
41390,"시흥시",gyeonggi,202407,1,0
41390,"시흥시",gyeonggi,202408,1,0
41390,"시흥시",gyeonggi,202409,1,0
41390,"시흥시",gyeonggi,202410,1,0
41390,"시흥시",gyeonggi,202411,1,0
41390,"시흥시",gyeonggi,202412,1,0
41390,"시흥시",gyeonggi,202501,1,0
41390,"시흥시",gyeonggi,202502,1,0
41390,"시흥시",gyeonggi,202503,1,0
41390,"시흥시",gyeonggi,202504,1,0
41390,"시흥시",gyeonggi,202505,1,0
41390,"시흥시",gyeonggi,202506,1,0
41390,"시흥시",gyeonggi,202507,1,0
41390,"시흥시",gyeonggi,202508,1,0
41390,"시흥시",gyeonggi,202509,1,0
41390,"시흥시",gyeonggi,202510,1,0
41390,"시흥시",gyeonggi,202511,1,0
41390,"시흥시",gyeonggi,202512,1,0
41390,"시흥시",gyeonggi,202601,1,0
41390,"시흥시",gyeonggi,202602,1,0
41390,"시흥시",gyeonggi,202603,1,0
41390,"시흥시",gyeonggi,202604,1,0
41390,"시흥시",gyeonggi,202605,1,0
41410,"군포시",gyeonggi,202507,1,0
41410,"군포시",gyeonggi,202605,1,0
41430,"의왕시",gyeonggi,202301,1,0
41430,"의왕시",gyeonggi,202302,1,0
41430,"의왕시",gyeonggi,202303,1,0
41430,"의왕시",gyeonggi,202304,1,0
41430,"의왕시",gyeonggi,202305,1,0
41430,"의왕시",gyeonggi,202306,1,0
41430,"의왕시",gyeonggi,202307,1,0
41430,"의왕시",gyeonggi,202308,1,0
41430,"의왕시",gyeonggi,202309,1,0
41430,"의왕시",gyeonggi,202310,1,0
41430,"의왕시",gyeonggi,202311,1,0
41430,"의왕시",gyeonggi,202312,1,0
41430,"의왕시",gyeonggi,202401,1,0
41430,"의왕시",gyeonggi,202402,1,0
41430,"의왕시",gyeonggi,202403,1,0
41430,"의왕시",gyeonggi,202404,1,0
41430,"의왕시",gyeonggi,202405,1,0
41430,"의왕시",gyeonggi,202406,1,0
41430,"의왕시",gyeonggi,202407,1,0
41430,"의왕시",gyeonggi,202408,1,0
41430,"의왕시",gyeonggi,202409,1,0
41430,"의왕시",gyeonggi,202410,1,0
41430,"의왕시",gyeonggi,202411,1,0
41430,"의왕시",gyeonggi,202412,1,0
41430,"의왕시",gyeonggi,202501,1,0
41430,"의왕시",gyeonggi,202502,1,0
41430,"의왕시",gyeonggi,202503,1,0
41430,"의왕시",gyeonggi,202504,1,0
41430,"의왕시",gyeonggi,202505,1,0
41430,"의왕시",gyeonggi,202506,1,0
41430,"의왕시",gyeonggi,202507,1,0
41430,"의왕시",gyeonggi,202508,1,0
41430,"의왕시",gyeonggi,202509,1,0
41430,"의왕시",gyeonggi,202510,1,0
41430,"의왕시",gyeonggi,202511,1,0
41430,"의왕시",gyeonggi,202512,1,0
41430,"의왕시",gyeonggi,202601,1,0
41430,"의왕시",gyeonggi,202602,1,0
41430,"의왕시",gyeonggi,202603,1,0
41430,"의왕시",gyeonggi,202604,1,0
41430,"의왕시",gyeonggi,202605,1,0
41450,"하남시",gyeonggi,202301,1,0
41450,"하남시",gyeonggi,202302,1,0
41450,"하남시",gyeonggi,202303,1,0
41450,"하남시",gyeonggi,202304,1,0
41450,"하남시",gyeonggi,202305,1,0
41450,"하남시",gyeonggi,202306,1,0
41450,"하남시",gyeonggi,202307,1,0
41450,"하남시",gyeonggi,202308,1,0
41450,"하남시",gyeonggi,202309,1,0
41450,"하남시",gyeonggi,202310,1,0
41450,"하남시",gyeonggi,202311,1,0
41450,"하남시",gyeonggi,202312,1,0
41450,"하남시",gyeonggi,202401,1,0
41450,"하남시",gyeonggi,202402,1,0
41450,"하남시",gyeonggi,202403,1,0
41450,"하남시",gyeonggi,202404,1,0
41450,"하남시",gyeonggi,202405,1,0
41450,"하남시",gyeonggi,202406,1,0
41450,"하남시",gyeonggi,202407,1,0
41450,"하남시",gyeonggi,202408,1,0
41450,"하남시",gyeonggi,202409,1,0
41450,"하남시",gyeonggi,202410,1,0
41450,"하남시",gyeonggi,202411,1,0
41450,"하남시",gyeonggi,202412,1,0
41450,"하남시",gyeonggi,202501,1,0
41450,"하남시",gyeonggi,202502,1,0
41450,"하남시",gyeonggi,202503,1,0
41450,"하남시",gyeonggi,202504,1,0
41450,"하남시",gyeonggi,202505,1,0
41450,"하남시",gyeonggi,202506,1,0
41450,"하남시",gyeonggi,202507,1,0
41450,"하남시",gyeonggi,202508,1,0
41450,"하남시",gyeonggi,202509,1,0
41450,"하남시",gyeonggi,202510,1,0
41450,"하남시",gyeonggi,202511,1,0
41450,"하남시",gyeonggi,202512,1,0
41450,"하남시",gyeonggi,202601,1,0
41450,"하남시",gyeonggi,202602,1,0
41450,"하남시",gyeonggi,202603,1,0
41450,"하남시",gyeonggi,202604,1,0
41450,"하남시",gyeonggi,202605,1,0
41463,"용인시 기흥구",gyeonggi,202301,1,0
41463,"용인시 기흥구",gyeonggi,202302,1,0
41463,"용인시 기흥구",gyeonggi,202303,1,0
41463,"용인시 기흥구",gyeonggi,202304,1,0
41463,"용인시 기흥구",gyeonggi,202305,1,0
41463,"용인시 기흥구",gyeonggi,202306,1,0
41463,"용인시 기흥구",gyeonggi,202307,1,0
41463,"용인시 기흥구",gyeonggi,202308,1,0
41463,"용인시 기흥구",gyeonggi,202309,1,0
41463,"용인시 기흥구",gyeonggi,202310,1,0
41463,"용인시 기흥구",gyeonggi,202311,1,0
41463,"용인시 기흥구",gyeonggi,202312,1,0
41463,"용인시 기흥구",gyeonggi,202401,1,0
41463,"용인시 기흥구",gyeonggi,202402,1,0
41463,"용인시 기흥구",gyeonggi,202403,1,0
41463,"용인시 기흥구",gyeonggi,202404,1,0
41463,"용인시 기흥구",gyeonggi,202405,1,0
41463,"용인시 기흥구",gyeonggi,202406,1,0
41463,"용인시 기흥구",gyeonggi,202407,1,0
41463,"용인시 기흥구",gyeonggi,202408,1,0
41463,"용인시 기흥구",gyeonggi,202409,1,0
41463,"용인시 기흥구",gyeonggi,202410,1,0
41463,"용인시 기흥구",gyeonggi,202411,1,0
41463,"용인시 기흥구",gyeonggi,202412,1,0
41463,"용인시 기흥구",gyeonggi,202501,1,0
41463,"용인시 기흥구",gyeonggi,202502,1,0
41463,"용인시 기흥구",gyeonggi,202503,1,0
41463,"용인시 기흥구",gyeonggi,202504,1,0
41463,"용인시 기흥구",gyeonggi,202505,1,0
41463,"용인시 기흥구",gyeonggi,202506,1,0
41463,"용인시 기흥구",gyeonggi,202507,1,0
41463,"용인시 기흥구",gyeonggi,202508,1,0
41463,"용인시 기흥구",gyeonggi,202509,1,0
41463,"용인시 기흥구",gyeonggi,202510,1,0
41463,"용인시 기흥구",gyeonggi,202511,1,0
41463,"용인시 기흥구",gyeonggi,202512,1,0
41463,"용인시 기흥구",gyeonggi,202601,1,0
41463,"용인시 기흥구",gyeonggi,202602,1,0
41463,"용인시 기흥구",gyeonggi,202603,1,0
41463,"용인시 기흥구",gyeonggi,202604,1,0
41463,"용인시 기흥구",gyeonggi,202605,1,0
41465,"용인시 수지구",gyeonggi,202301,1,0
41465,"용인시 수지구",gyeonggi,202302,1,0
41465,"용인시 수지구",gyeonggi,202303,1,0
41465,"용인시 수지구",gyeonggi,202304,1,0
41465,"용인시 수지구",gyeonggi,202305,1,0
41465,"용인시 수지구",gyeonggi,202306,1,0
41465,"용인시 수지구",gyeonggi,202307,1,0
41465,"용인시 수지구",gyeonggi,202308,1,0
41465,"용인시 수지구",gyeonggi,202309,1,0
41465,"용인시 수지구",gyeonggi,202310,1,0
41465,"용인시 수지구",gyeonggi,202311,1,0
41465,"용인시 수지구",gyeonggi,202312,1,0
41465,"용인시 수지구",gyeonggi,202401,1,0
41465,"용인시 수지구",gyeonggi,202402,1,0
41465,"용인시 수지구",gyeonggi,202403,1,0
41465,"용인시 수지구",gyeonggi,202404,1,0
41465,"용인시 수지구",gyeonggi,202405,1,0
41465,"용인시 수지구",gyeonggi,202406,1,0
41465,"용인시 수지구",gyeonggi,202407,1,0
41465,"용인시 수지구",gyeonggi,202408,1,0
41465,"용인시 수지구",gyeonggi,202409,1,0
41465,"용인시 수지구",gyeonggi,202410,1,0
41465,"용인시 수지구",gyeonggi,202411,1,0
41465,"용인시 수지구",gyeonggi,202412,1,0
41465,"용인시 수지구",gyeonggi,202501,1,0
41465,"용인시 수지구",gyeonggi,202502,1,0
41465,"용인시 수지구",gyeonggi,202503,1,0
41465,"용인시 수지구",gyeonggi,202504,1,0
41465,"용인시 수지구",gyeonggi,202505,1,0
41465,"용인시 수지구",gyeonggi,202506,1,0
41465,"용인시 수지구",gyeonggi,202507,1,0
41465,"용인시 수지구",gyeonggi,202508,1,0
41465,"용인시 수지구",gyeonggi,202509,1,0
41465,"용인시 수지구",gyeonggi,202510,1,0
41465,"용인시 수지구",gyeonggi,202511,1,0
41465,"용인시 수지구",gyeonggi,202512,1,0
41465,"용인시 수지구",gyeonggi,202601,1,0
41465,"용인시 수지구",gyeonggi,202602,1,0
41465,"용인시 수지구",gyeonggi,202603,1,0
41465,"용인시 수지구",gyeonggi,202604,1,0
41465,"용인시 수지구",gyeonggi,202605,1,0
41500,"이천시",gyeonggi,202301,1,0
41500,"이천시",gyeonggi,202302,1,0
41500,"이천시",gyeonggi,202303,1,0
41500,"이천시",gyeonggi,202304,1,0
41500,"이천시",gyeonggi,202305,1,0
41500,"이천시",gyeonggi,202306,1,0
41500,"이천시",gyeonggi,202307,1,0
41500,"이천시",gyeonggi,202308,1,0
41500,"이천시",gyeonggi,202309,1,0
41500,"이천시",gyeonggi,202310,1,0
41500,"이천시",gyeonggi,202311,1,0
41500,"이천시",gyeonggi,202312,1,0
41500,"이천시",gyeonggi,202401,1,0
41500,"이천시",gyeonggi,202402,1,0
41500,"이천시",gyeonggi,202403,1,0
41500,"이천시",gyeonggi,202404,1,0
41500,"이천시",gyeonggi,202405,1,0
41500,"이천시",gyeonggi,202406,1,0
41500,"이천시",gyeonggi,202407,1,0
41500,"이천시",gyeonggi,202408,1,0
41500,"이천시",gyeonggi,202409,1,0
41500,"이천시",gyeonggi,202410,1,0
41500,"이천시",gyeonggi,202411,1,0
41500,"이천시",gyeonggi,202412,1,0
41500,"이천시",gyeonggi,202501,1,0
41500,"이천시",gyeonggi,202502,1,0
41500,"이천시",gyeonggi,202503,1,0
41500,"이천시",gyeonggi,202504,1,0
41500,"이천시",gyeonggi,202505,1,0
41500,"이천시",gyeonggi,202506,1,0
41500,"이천시",gyeonggi,202507,1,0
41500,"이천시",gyeonggi,202508,1,0
41500,"이천시",gyeonggi,202509,1,0
41500,"이천시",gyeonggi,202510,1,0
41500,"이천시",gyeonggi,202511,1,0
41500,"이천시",gyeonggi,202512,1,0
41500,"이천시",gyeonggi,202601,1,0
41500,"이천시",gyeonggi,202602,1,0
41500,"이천시",gyeonggi,202603,1,0
41500,"이천시",gyeonggi,202604,1,0
41500,"이천시",gyeonggi,202605,1,0
41550,"안성시",gyeonggi,202301,1,0
41550,"안성시",gyeonggi,202302,1,0
41550,"안성시",gyeonggi,202303,1,0
41550,"안성시",gyeonggi,202304,1,0
41550,"안성시",gyeonggi,202305,1,0
41550,"안성시",gyeonggi,202306,1,0
41550,"안성시",gyeonggi,202307,1,0
41550,"안성시",gyeonggi,202308,1,0
41550,"안성시",gyeonggi,202309,1,0
41550,"안성시",gyeonggi,202310,1,0
41550,"안성시",gyeonggi,202311,1,0
41550,"안성시",gyeonggi,202312,1,0
41550,"안성시",gyeonggi,202401,1,0
41550,"안성시",gyeonggi,202402,1,0
41550,"안성시",gyeonggi,202403,1,0
41550,"안성시",gyeonggi,202404,1,0
41550,"안성시",gyeonggi,202405,1,0
41550,"안성시",gyeonggi,202406,1,0
41550,"안성시",gyeonggi,202407,1,0
41550,"안성시",gyeonggi,202408,1,0
41550,"안성시",gyeonggi,202409,1,0
41550,"안성시",gyeonggi,202410,1,0
41550,"안성시",gyeonggi,202411,1,0
41550,"안성시",gyeonggi,202412,1,0
41550,"안성시",gyeonggi,202501,1,0
41550,"안성시",gyeonggi,202502,1,0
41550,"안성시",gyeonggi,202503,1,0
41550,"안성시",gyeonggi,202504,1,0
41550,"안성시",gyeonggi,202505,1,0
41550,"안성시",gyeonggi,202506,1,0
41550,"안성시",gyeonggi,202507,1,0
41550,"안성시",gyeonggi,202508,1,0
41550,"안성시",gyeonggi,202509,1,0
41550,"안성시",gyeonggi,202510,1,0
41550,"안성시",gyeonggi,202511,1,0
41550,"안성시",gyeonggi,202512,1,0
41550,"안성시",gyeonggi,202601,1,0
41550,"안성시",gyeonggi,202602,1,0
41550,"안성시",gyeonggi,202603,1,0
41550,"안성시",gyeonggi,202604,1,0
41550,"안성시",gyeonggi,202605,1,0
41570,"김포시",gyeonggi,202301,1,0
41570,"김포시",gyeonggi,202302,1,0
41570,"김포시",gyeonggi,202303,1,0
41570,"김포시",gyeonggi,202304,1,0
41570,"김포시",gyeonggi,202305,1,0
41570,"김포시",gyeonggi,202306,1,0
41570,"김포시",gyeonggi,202307,1,0
41570,"김포시",gyeonggi,202308,1,0
41570,"김포시",gyeonggi,202309,1,0
41570,"김포시",gyeonggi,202310,1,0
41570,"김포시",gyeonggi,202311,1,0
41570,"김포시",gyeonggi,202312,1,0
41570,"김포시",gyeonggi,202401,1,0
41570,"김포시",gyeonggi,202402,1,0
41570,"김포시",gyeonggi,202403,1,0
41570,"김포시",gyeonggi,202404,1,0
41570,"김포시",gyeonggi,202405,1,0
41570,"김포시",gyeonggi,202406,1,0
41570,"김포시",gyeonggi,202407,1,0
41570,"김포시",gyeonggi,202408,1,0
41570,"김포시",gyeonggi,202409,1,0
41570,"김포시",gyeonggi,202410,1,0
41570,"김포시",gyeonggi,202411,1,0
41570,"김포시",gyeonggi,202412,1,0
41570,"김포시",gyeonggi,202501,1,0
41570,"김포시",gyeonggi,202502,1,0
41570,"김포시",gyeonggi,202503,1,0
41570,"김포시",gyeonggi,202504,1,0
41570,"김포시",gyeonggi,202505,1,0
41570,"김포시",gyeonggi,202506,1,0
41570,"김포시",gyeonggi,202507,1,0
41570,"김포시",gyeonggi,202508,1,0
41570,"김포시",gyeonggi,202509,1,0
41570,"김포시",gyeonggi,202510,1,0
41570,"김포시",gyeonggi,202511,1,0
41570,"김포시",gyeonggi,202512,1,0
41570,"김포시",gyeonggi,202601,1,0
41570,"김포시",gyeonggi,202602,1,0
41570,"김포시",gyeonggi,202603,1,0
41570,"김포시",gyeonggi,202604,1,0
41570,"김포시",gyeonggi,202605,1,0
41610,"광주시",gyeonggi,202301,1,0
41610,"광주시",gyeonggi,202302,1,0
41610,"광주시",gyeonggi,202303,1,0
41610,"광주시",gyeonggi,202304,1,0
41610,"광주시",gyeonggi,202305,1,0
41610,"광주시",gyeonggi,202306,1,0
41610,"광주시",gyeonggi,202307,1,0
41610,"광주시",gyeonggi,202308,1,0
41610,"광주시",gyeonggi,202309,1,0
41610,"광주시",gyeonggi,202310,1,0
41610,"광주시",gyeonggi,202311,1,0
41610,"광주시",gyeonggi,202312,1,0
41610,"광주시",gyeonggi,202401,1,0
41610,"광주시",gyeonggi,202402,1,0
41610,"광주시",gyeonggi,202403,1,0
41610,"광주시",gyeonggi,202404,1,0
41610,"광주시",gyeonggi,202405,1,0
41610,"광주시",gyeonggi,202406,1,0
41610,"광주시",gyeonggi,202407,1,0
41610,"광주시",gyeonggi,202408,1,0
41610,"광주시",gyeonggi,202409,1,0
41610,"광주시",gyeonggi,202410,1,0
41610,"광주시",gyeonggi,202411,1,0
41610,"광주시",gyeonggi,202412,1,0
41610,"광주시",gyeonggi,202501,1,0
41610,"광주시",gyeonggi,202502,1,0
41610,"광주시",gyeonggi,202503,1,0
41610,"광주시",gyeonggi,202504,1,0
41610,"광주시",gyeonggi,202505,1,0
41610,"광주시",gyeonggi,202506,1,0
41610,"광주시",gyeonggi,202507,1,0
41610,"광주시",gyeonggi,202508,1,0
41610,"광주시",gyeonggi,202509,1,0
41610,"광주시",gyeonggi,202510,1,0
41610,"광주시",gyeonggi,202511,1,0
41610,"광주시",gyeonggi,202512,1,0
41610,"광주시",gyeonggi,202601,1,0
41610,"광주시",gyeonggi,202602,1,0
41610,"광주시",gyeonggi,202603,1,0
41610,"광주시",gyeonggi,202604,1,0
41610,"광주시",gyeonggi,202605,1,0
41630,"양주시",gyeonggi,202301,1,0
41630,"양주시",gyeonggi,202302,1,0
41630,"양주시",gyeonggi,202303,1,0
41630,"양주시",gyeonggi,202304,1,0
41630,"양주시",gyeonggi,202305,1,0
41630,"양주시",gyeonggi,202306,1,0
41630,"양주시",gyeonggi,202307,1,0
41630,"양주시",gyeonggi,202308,1,0
41630,"양주시",gyeonggi,202309,1,0
41630,"양주시",gyeonggi,202310,1,0
41630,"양주시",gyeonggi,202311,1,0
41630,"양주시",gyeonggi,202312,1,0
41630,"양주시",gyeonggi,202401,1,0
41630,"양주시",gyeonggi,202402,1,0
41630,"양주시",gyeonggi,202403,1,0
41630,"양주시",gyeonggi,202404,1,0
41630,"양주시",gyeonggi,202405,1,0
41630,"양주시",gyeonggi,202406,1,0
41630,"양주시",gyeonggi,202407,1,0
41630,"양주시",gyeonggi,202408,1,0
41630,"양주시",gyeonggi,202409,1,0
41630,"양주시",gyeonggi,202410,1,0
41630,"양주시",gyeonggi,202411,1,0
41630,"양주시",gyeonggi,202412,1,0
41630,"양주시",gyeonggi,202501,1,0
41630,"양주시",gyeonggi,202502,1,0
41630,"양주시",gyeonggi,202503,1,0
41630,"양주시",gyeonggi,202504,1,0
41630,"양주시",gyeonggi,202505,1,0
41630,"양주시",gyeonggi,202506,1,0
41630,"양주시",gyeonggi,202507,1,0
41630,"양주시",gyeonggi,202508,1,0
41630,"양주시",gyeonggi,202509,1,0
41630,"양주시",gyeonggi,202510,1,0
41630,"양주시",gyeonggi,202511,1,0
41630,"양주시",gyeonggi,202512,1,0
41630,"양주시",gyeonggi,202601,1,0
41630,"양주시",gyeonggi,202602,1,0
41630,"양주시",gyeonggi,202603,1,0
41630,"양주시",gyeonggi,202604,1,0
41630,"양주시",gyeonggi,202605,1,0
41650,"포천시",gyeonggi,202301,1,0
41650,"포천시",gyeonggi,202302,1,0
41650,"포천시",gyeonggi,202303,1,0
41650,"포천시",gyeonggi,202304,1,0
41650,"포천시",gyeonggi,202305,1,0
41650,"포천시",gyeonggi,202306,1,0
41650,"포천시",gyeonggi,202307,1,0
41650,"포천시",gyeonggi,202308,1,0
41650,"포천시",gyeonggi,202309,1,0
41650,"포천시",gyeonggi,202310,1,0
41650,"포천시",gyeonggi,202311,1,0
41650,"포천시",gyeonggi,202312,1,0
41650,"포천시",gyeonggi,202401,1,0
41650,"포천시",gyeonggi,202402,1,0
41650,"포천시",gyeonggi,202403,1,0
41650,"포천시",gyeonggi,202404,1,0
41650,"포천시",gyeonggi,202405,1,0
41650,"포천시",gyeonggi,202406,1,0
41650,"포천시",gyeonggi,202407,1,0
41650,"포천시",gyeonggi,202408,1,0
41650,"포천시",gyeonggi,202409,1,0
41650,"포천시",gyeonggi,202410,1,0
41650,"포천시",gyeonggi,202411,1,0
41650,"포천시",gyeonggi,202412,1,0
41650,"포천시",gyeonggi,202501,1,0
41650,"포천시",gyeonggi,202502,1,0
41650,"포천시",gyeonggi,202503,1,0
41650,"포천시",gyeonggi,202504,1,0
41650,"포천시",gyeonggi,202505,1,0
41650,"포천시",gyeonggi,202506,1,0
41650,"포천시",gyeonggi,202507,1,0
41650,"포천시",gyeonggi,202508,1,0
41650,"포천시",gyeonggi,202509,1,0
41650,"포천시",gyeonggi,202510,1,0
41650,"포천시",gyeonggi,202511,1,0
41650,"포천시",gyeonggi,202512,1,0
41650,"포천시",gyeonggi,202601,1,0
41650,"포천시",gyeonggi,202602,1,0
41650,"포천시",gyeonggi,202603,1,0
41650,"포천시",gyeonggi,202604,1,0
41650,"포천시",gyeonggi,202605,1,0
41670,"여주시",gyeonggi,202301,1,0
41670,"여주시",gyeonggi,202302,1,0
41670,"여주시",gyeonggi,202303,1,0
41670,"여주시",gyeonggi,202304,1,0
41670,"여주시",gyeonggi,202305,1,0
41670,"여주시",gyeonggi,202306,1,0
41670,"여주시",gyeonggi,202307,1,0
41670,"여주시",gyeonggi,202308,1,0
41670,"여주시",gyeonggi,202309,1,0
41670,"여주시",gyeonggi,202310,1,0
41670,"여주시",gyeonggi,202311,1,0
41670,"여주시",gyeonggi,202312,1,0
41670,"여주시",gyeonggi,202401,1,0
41670,"여주시",gyeonggi,202402,1,0
41670,"여주시",gyeonggi,202403,1,0
41670,"여주시",gyeonggi,202404,1,0
41670,"여주시",gyeonggi,202405,1,0
41670,"여주시",gyeonggi,202406,1,0
41670,"여주시",gyeonggi,202407,1,0
41670,"여주시",gyeonggi,202408,1,0
41670,"여주시",gyeonggi,202409,1,0
41670,"여주시",gyeonggi,202410,1,0
41670,"여주시",gyeonggi,202411,1,0
41670,"여주시",gyeonggi,202412,1,0
41670,"여주시",gyeonggi,202501,1,0
41670,"여주시",gyeonggi,202502,1,0
41670,"여주시",gyeonggi,202503,1,0
41670,"여주시",gyeonggi,202504,1,0
41670,"여주시",gyeonggi,202505,1,0
41670,"여주시",gyeonggi,202506,1,0
41670,"여주시",gyeonggi,202507,1,0
41670,"여주시",gyeonggi,202508,1,0
41670,"여주시",gyeonggi,202509,1,0
41670,"여주시",gyeonggi,202510,1,0
41670,"여주시",gyeonggi,202511,1,0
41670,"여주시",gyeonggi,202512,1,0
41670,"여주시",gyeonggi,202601,1,0
41670,"여주시",gyeonggi,202602,1,0
41670,"여주시",gyeonggi,202603,1,0
41670,"여주시",gyeonggi,202604,1,0
41670,"여주시",gyeonggi,202605,1,0
41800,"연천군",gyeonggi,202301,1,0
41800,"연천군",gyeonggi,202302,1,0
41800,"연천군",gyeonggi,202303,1,0
41800,"연천군",gyeonggi,202304,1,0
41800,"연천군",gyeonggi,202305,1,0
41800,"연천군",gyeonggi,202306,1,0
41800,"연천군",gyeonggi,202307,1,0
41800,"연천군",gyeonggi,202308,1,0
41800,"연천군",gyeonggi,202309,1,0
41800,"연천군",gyeonggi,202310,1,0
41800,"연천군",gyeonggi,202311,1,0
41800,"연천군",gyeonggi,202312,1,0
41800,"연천군",gyeonggi,202401,1,0
41800,"연천군",gyeonggi,202402,1,0
41800,"연천군",gyeonggi,202403,1,0
41800,"연천군",gyeonggi,202404,1,0
41800,"연천군",gyeonggi,202405,1,0
41800,"연천군",gyeonggi,202406,1,0
41800,"연천군",gyeonggi,202407,1,0
41800,"연천군",gyeonggi,202408,1,0
41800,"연천군",gyeonggi,202409,1,0
41800,"연천군",gyeonggi,202410,1,0
41800,"연천군",gyeonggi,202411,1,0
41800,"연천군",gyeonggi,202412,1,0
41800,"연천군",gyeonggi,202501,1,0
41800,"연천군",gyeonggi,202502,1,0
41800,"연천군",gyeonggi,202503,1,0
41800,"연천군",gyeonggi,202504,1,0
41800,"연천군",gyeonggi,202505,1,0
41800,"연천군",gyeonggi,202506,1,0
41800,"연천군",gyeonggi,202507,1,0
41800,"연천군",gyeonggi,202508,1,0
41800,"연천군",gyeonggi,202509,1,0
41800,"연천군",gyeonggi,202510,1,0
41800,"연천군",gyeonggi,202511,1,0
41800,"연천군",gyeonggi,202512,1,0
41800,"연천군",gyeonggi,202601,1,0
41800,"연천군",gyeonggi,202602,1,0
41800,"연천군",gyeonggi,202603,1,0
41800,"연천군",gyeonggi,202604,1,0
41800,"연천군",gyeonggi,202605,1,0
41820,"가평군",gyeonggi,202301,1,0
41820,"가평군",gyeonggi,202302,1,0
41820,"가평군",gyeonggi,202303,1,0
41820,"가평군",gyeonggi,202304,1,0
41820,"가평군",gyeonggi,202305,1,0
41820,"가평군",gyeonggi,202306,1,0
41820,"가평군",gyeonggi,202307,1,0
41820,"가평군",gyeonggi,202308,1,0
41820,"가평군",gyeonggi,202309,1,0
41820,"가평군",gyeonggi,202310,1,0
41820,"가평군",gyeonggi,202311,1,0
41820,"가평군",gyeonggi,202312,1,0
41820,"가평군",gyeonggi,202401,1,0
41820,"가평군",gyeonggi,202402,1,0
41820,"가평군",gyeonggi,202403,1,0
41820,"가평군",gyeonggi,202404,1,0
41820,"가평군",gyeonggi,202405,1,0
41820,"가평군",gyeonggi,202406,1,0
41820,"가평군",gyeonggi,202407,1,0
41820,"가평군",gyeonggi,202408,1,0
41820,"가평군",gyeonggi,202409,1,0
41820,"가평군",gyeonggi,202410,1,0
41820,"가평군",gyeonggi,202411,1,0
41820,"가평군",gyeonggi,202412,1,0
41820,"가평군",gyeonggi,202501,1,0
41820,"가평군",gyeonggi,202502,1,0
41820,"가평군",gyeonggi,202503,1,0
41820,"가평군",gyeonggi,202504,1,0
41820,"가평군",gyeonggi,202505,1,0
41820,"가평군",gyeonggi,202506,1,0
41820,"가평군",gyeonggi,202507,1,0
41820,"가평군",gyeonggi,202508,1,0
41820,"가평군",gyeonggi,202509,1,0
41820,"가평군",gyeonggi,202510,1,0
41820,"가평군",gyeonggi,202511,1,0
41820,"가평군",gyeonggi,202512,1,0
41820,"가평군",gyeonggi,202601,1,0
41820,"가평군",gyeonggi,202602,1,0
41820,"가평군",gyeonggi,202603,1,0
41820,"가평군",gyeonggi,202604,1,0
41820,"가평군",gyeonggi,202605,1,0
41830,"양평군",gyeonggi,202301,1,0
41830,"양평군",gyeonggi,202302,1,0
41830,"양평군",gyeonggi,202303,1,0
41830,"양평군",gyeonggi,202304,1,0
41830,"양평군",gyeonggi,202305,1,0
41830,"양평군",gyeonggi,202306,1,0
41830,"양평군",gyeonggi,202307,1,0
41830,"양평군",gyeonggi,202308,1,0
41830,"양평군",gyeonggi,202309,1,0
41830,"양평군",gyeonggi,202310,1,0
41830,"양평군",gyeonggi,202311,1,0
41830,"양평군",gyeonggi,202312,1,0
41830,"양평군",gyeonggi,202401,1,0
41830,"양평군",gyeonggi,202402,1,0
41830,"양평군",gyeonggi,202403,1,0
41830,"양평군",gyeonggi,202404,1,0
41830,"양평군",gyeonggi,202405,1,0
41830,"양평군",gyeonggi,202406,1,0
41830,"양평군",gyeonggi,202407,1,0
41830,"양평군",gyeonggi,202408,1,0
41830,"양평군",gyeonggi,202409,1,0
41830,"양평군",gyeonggi,202410,1,0
41830,"양평군",gyeonggi,202411,1,0
41830,"양평군",gyeonggi,202412,1,0
41830,"양평군",gyeonggi,202501,1,0
41830,"양평군",gyeonggi,202502,1,0
41830,"양평군",gyeonggi,202503,1,0
41830,"양평군",gyeonggi,202504,1,0
41830,"양평군",gyeonggi,202505,1,0
41830,"양평군",gyeonggi,202506,1,0
41830,"양평군",gyeonggi,202507,1,0
41830,"양평군",gyeonggi,202508,1,0
41830,"양평군",gyeonggi,202509,1,0
41830,"양평군",gyeonggi,202510,1,0
41830,"양평군",gyeonggi,202511,1,0
41830,"양평군",gyeonggi,202512,1,0
41830,"양평군",gyeonggi,202601,1,0
41830,"양평군",gyeonggi,202602,1,0
41830,"양평군",gyeonggi,202603,1,0
41830,"양평군",gyeonggi,202604,1,0
41830,"양평군",gyeonggi,202605,1,0
43113,"청주시 흥덕구",chungbuk,202212,1,0
43114,"청주시 청원구",chungbuk,202212,1,0
